Codigo,Nombre
05000,DIRECCION DEPARTAMENTAL DE ANTIOQUIA
05001,DIRECCION DE SALUD DE MEDELLIN
05002,DIRECCION MUNICIPAL DE SALUD DE ABEJORRAL
05004,DIRECCION MUNICIPAL DE ABRIAQUI
05021,DIRECCION MUNICIPAL DE SALUD DE ALEJANDRIA
05030,DIRECCION MUNICIPAL DE SALUD DE AMAGA
05031,DIRECCION MUNICIPAL DE SALUD DE AMALFI
05034,DIRECCION MUNICIPAL DE SALUD DE ANDES
05036,DIRECCION MUNICIPAL DE SALUD DE ANGELOPOLIS
05038,DIRECCION MUNICIPAL DE SALUD DE ANGOSTURA
05040,DIRECCION MUNICIPAL DE SALUD DE ANORI
05042,DIRECCION MUNICIPAL DE SALUD DE SANTAFE DE ANTIOQUIA
05044,DIRECCION MUNICIPAL DE SALUD DE ANZA
05045,DIRECCION MUNICIPAL DE SALUD DE APARTADO
05051,DIRECCION MUNICIPAL DE SALUD DE ARBOLETES
05055,DIRECCION MUNICIPAL DE SALUD DE ARGELIA
05059,DIRECCION MUNICIPAL DE SALUD DE ARMENIA
05079,DIRECCION MUNICIPAL DE SALUD DE BARBOSA
05086,DIRECCION MUNICIPAL DE SALUD DE BELMIRA
05088,DIRECCION LOCAL DE SALUD BELLO ANTIOQUIA
05091,DIRECCION MUNICIPAL DE SALUD DE BETANIA
05093,DIRECCION MUNICIPAL DE SALUD DE BETULIA
05101,DIRECCION MUNICIPAL DE SALUD DE CIUDAD BOLIVAR
05107,DIRECCION MUNICIPAL DE SALUD DE BRICEÑO
05113,DIRECCION MUNICIPAL DE SALUD DE BURITICA
05120,DIRECCION MUNICIPAL DE SALUD DE CACERES
05125,DIRECCION MUNICIPAL DE SALUD DE CAICEDO
05129,DIRECCION MUNICIPAL DE SALUD DE CALDAS
05134,DIRECCION MUNICIPAL DE SALUD DE CAMPAMENTO
05138,DIRECCION MUNICIPAL DE SALUD DE CAÑASGORDAS
05142,DIRECCION MUNICIPAL DE SALUD DE CARACOLI
05145,DIRECCION MUNICIPAL DE SALUD DE CARAMANTA
05147,DIRECCION MUNICIPAL DE SALUD DE CAREPA
05148,DIRECCION MUNICIPAL DE SALUD DE CARMEN DE VIBORAL
05150,DIRECCION MUNICIPAL DE SALUD DE CAROLINA
05154,DIRECCION MUNICIPAL DE SALUD DE CAUCASIA
05172,DIRECCION MUNICIPAL DE SALUD DE CHIGORODO
05190,DIRECCION MUNICIPAL DE SALUD DE CISNEROS
05197,DIRECCION MUNICIPAL DE SALUD DE COCORNA
05206,DIRECCION MUNICIPAL DE SALUD DE CONCEPCION
05209,DIRECCION MUNICIPAL DE SALUD DE CONCORDIA
05212,DIRECCION MUNICIPAL DE SALUD DE COPACABANA
05234,DIRECCION MUNICIPAL DE SALUD DE DABEIBA
05237,DIRECCION MUNICIPAL DE SALUD DE DON MATIAS
05240,DIRECCION MUNICIPAL DE SALUD DE EBEJICO
05250,DIRECCION MUNICIPAL DE SALUD DE EL BAGRE
05264,DIRECCION MUNICIPAL DE SALUD DE ENTRERRIOS
05266,DIRECCION LOCAL DE SALUD DE ENVIGADO
05282,DIRECCION MUNICIPAL DE SALUD DE FREDONIA
05284,DIRECCION MUNICIPAL DE SALUD DE FRONTINO
05306,DIRECCION MUNICIPAL DE SALUD DE GIRALDO
05308,DIRECCION MUNICIPAL DE SALUD DE GIRARDOTA
05310,DIRECCION MUNICIPAL DE SALUD DE GOMEZ PLATA
05313,DIRECCION MUNICIPAL DE SALUD DE GRANADA
05315,DIRECCION MUNICIPAL DE SALUD DE GUADALUPE
05318,DIRECCION MUNICIPAL DE SALUD DE GUARNE
05321,DIRECCION MUNICIPAL DE SALUD DE GUATAPE
05347,DIRECCION MUNICIPAL DE SALUD DE HELICONIA
05353,DIRECCION MUNICIPAL DE SALUD DE HISPANIA
05360,DIRECCION MUNICIPAL DE SALUD DE ITAGUI
05361,DIRECCION MUNICIPAL DE SALUD DE ITUANGO
05364,DIRECCION MUNICIPAL DE SALUD DE JARDIN
05368,DIRECCION MUNICIPAL DE SALUD DE JERICO
05376,DIRECCION MUNICIPAL DE SALUD DE LA CEJA
05380,DIRECCION MUNICIPAL DE SALUD DE LA ESTRELLA
05390,DIRECCION MUNICIPAL DE SALUD DE LA PINTADA
05400,DIRECCION MUNICIPAL DE SALUD DE LA UNION
05411,DIRECCION MUNICIPAL DE SALUD DE LIBORINA
05425,DIRECCION MUNICIPAL DE SALUD DE MACEO
05440,DIRECCION MUNICIPAL DE SALUD DE MARINILLA
05467,DIRECCION MUNICIPAL DE SALUD DE MONTEBELLO
05475,DIRECCION MUNICIPAL DE SALUD DE MURINDO
05480,DIRECCION MUNICIPAL DE SALUD DE MUTATA
05483,DIRECCION MUNICIPAL DE SALUD DE NARIÑO
05490,DIRECCION MUNICIPAL DE SALUD DE NECOCLI
05495,DIRECCION MUNICIPAL DE SALUD DE NECHI
05501,DIRECCION MUNICIPAL DE SALUD DE OLAYA
05541,DIRECCION MUNICIPAL DE SALUD DE PEÑOL
05543,DIRECCION MUNICIPAL DE SALUD DE PEQUE
05576,DIRECCION MUNICIPAL DE SALUD DE PUEBLORRICO
05579,DIRECCION MUNICIPAL DE SALUD DE PUERTO BERRIO
05585,DIRECCION MUNICIPAL DE SALUD DE PUERTO NARE
05591,DIRECCION MUNICIPAL DE SALUD DE PUERTO TRIUNFO
05604,DIRECCION MUNICIPAL DE SALUD DE REMEDIOS
05607,DIRECCION MUNICIPAL DE SALUD DE RETIRO
05615,DIRECCION MUNICIPAL DE SALUD DE RIONEGRO
05628,DIRECCION MUNICIPAL DE SALUD DE SABANALARGA
05631,SECRETARIA DE SALUD SABANETA ANTIOQUIA
05642,DIRECCION MUNICIPAL DE SALUD DE SALGAR
05647,DIRECCION MUNICIPAL DE SALUD DE SAN ANDRES
05649,DIRECCION MUNICIPAL DE SALUD DE SAN CARLOS
05652,DIRECCION MUNICIPAL DE SALUD DE SAN FRANCISCO
05656,DIRECCION MUNICIPAL DE SALUD DE SAN JERONIMO
05658,DIRECCION MUNICIPAL DE SALUD DE SAN JOSE DE LA MONTAÑA
05659,DIRECCION LOCAL DE SALUD DE SAN JUAN DE URABA
05660,DIRECCION MUNICIPAL DE SALUD DE SAN LUIS
05664,DIRECCION MUNICIPAL DE SALUD DE SAN PEDRO
05665,DIRECCION MUNICIPAL DE SALUD DE SAN PEDRO DE URABA
05667,DIRECCION MUNICIPAL DE SALUD DE SAN RAFAEL
05670,DIRECCION MUNICIPAL DE SALUD DE SAN ROQUE
05674,DIRECCION MUNICIPAL DE SALUD DE SAN VICENTE
05679,DIRECCION MUNICIPAL DE SALUD DE SANTA BARBARA
05686,DIRECCION MUNICIPAL DE SALUD DE SANTAROSA DE OSOS
05690,DIRECCION MUNICIPAL DE SALUD DE SANTO DOMINGO
05697,DIRECCION LOCAL DE SALUD EL SANTUARIO
05736,DIRECCION MUNICIPAL DE SALUD DE SEGOVIA
05756,DIRECCION MUNICIPAL DE SALUD DE SONSON
05761,DIRECCION MUNICIPAL DE SALUD DE SOPETRAN
05789,DIRECCION MUNICIPAL DE SALUD DE TAMESIS
05790,DIRECCION MUNICIPAL DE SALUD DE TARAZA
05792,DIRECCION MUNICIPAL DE SALUD DE TARSO
05809,DIRECCION MUNICIPAL DE SALUD DE TITIRIBI
05819,DIRECCION MUNICIPAL DE SALUD DE TOLEDO
05837,DIRECCION MUNICIPAL DE SALUD DE TURBO
05842,DIRECCION MUNICIPAL DE SALUD DE URAMITA
05847,DIRECCION MUNICIPAL DE SALUD DE URRAO
05854,DIRECCION MUNICIPAL DE SALUD DE VALDIVIA
05856,DIRECCION MUNICIPAL DE SALUD DE VALPARAISO
05858,DIRECCION LOCAL DE SALUD VEGACHI ANT
05861,DIRECCION MUNICIPAL DE SALUD DE VENECIA
05873,DIRECCION MUNICIPAL DE SALUD DE VIGIA DEL FUERTE
05885,DIRECCION MUNICIPAL DE SALUD DE YALI
05887,DIRECCION MUNICIPAL DE SALUD DE YARUMAL
05890,DIRECCION MUNICIPAL DE SALUD DE YOLOMBO
05893,DIRECCION MUNICIPAL DE SALUD DE YONDO
05895,DIRECCION MUNICIPAL DE SALUD DE ZARAGOZA
08000,DIRE3CCION DEPARTAMENTAL DE ATLANTICO
08001,DIRECCION MUNICIPAL DE SALUD DE BARRANQUILLA
08078,DIRECCION MUNICIPAL DE SALUD DE BARANOA
08137,DIRECCION MUNICIPAL DE SALUD DE CAMPO DE LA CRUZ
08141,DIRECCION MUNICIPAL DE SALUD DE CANDELARIA
08296,DIRECCION MUNICIPAL DE SALUD DE GALAPA
08372,DIRECCION MUNICIPAL DE SALUD DE JUAN DE ACOSTA
08421,DIRECCION MUNICIPAL DE SALUD DE LURUACO
08433,DIRECCION MUNICIPAL DE SALUD DE MALAMBO
08436,DIRECCION MUNICIPAL DE SALUD DE MANATI
08520,DIRECCION MUNICIPAL DE SALUD DE PALMAR DE VARELA
08549,DIRECCION MUNICIPAL DE SALUD DE PIOJO
08558,DIRECCION MUNICIPAL DE SALUD DE POLONUEVO
08560,DIRECCION MUNICIPAL DE SALUD DE PONEDERA
08573,DIRECCION MUNICIPAL DE SALUD DE PUERTO COLOMBIA
08606,DIRECCION MUNICIPAL DE SALUD DE REPELON
08634,DIRECCION MUNICIPAL DE SALUD DE SABANAGRANDE
08638,DIRECCION MUNICIPAL DE SALUD DE SABANALARGA
08675,DIRECCION MUNICIPAL DE SALUD DE SANTA LUCIA
08685,DIRECCION MUNICIPAL DE SALUD DE SANTO TOMAS
08758,DIRECCION MUNICIPAL DE SALUD DE SOLEDAD
08770,DIRECCION MUNICIPAL DE SALUD DE SUAN
08832,DIRECCION MUNICIPAL DE SALUD DE TUBARA
08849,DIRECCION MUNICIPAL DE SALUD DE USIACURI
11000,SECRETARIA DISTRITAL DE SALUD
11001,SECRETARIA DISTRITAL DE SALUD
11002,DIRECCION MUNICIPAL DE SALUD DE CAPINERO
11003,DIRECCION MUNICIPAL DE SALUD DE SANTA FE
11004,DIRECCION MUNICIPAL DE SALUD DE SAN CRISTOBAL
11005,DIRECCION MUNICIPAL DE SALUD DE USME
11006,DIRECCION MUNICIPAL DE SALUD DE TUNJUELITO
11007,DIRECCION MUNICIPAL DE SALUD DE BOSA
11008,DIRECCION MUNICIPAL DE SALUD DE KENNEDY
11009,DIRECCION MUNICIPAL DE SALUD DE FONTIBON
11010,DIRECCION MUNICIPAL DE SALUD DE ENGATIVA
11011,DIRECCION MUNICIPAL DE SALUD DE SUBA
11012,DIRECCION MUNICIPAL DE SALUD DE BARRIOS UNIDOS
11013,DIRECCION MUNICIPAL DE SALUD DE TEUSAQUILLO
11014,DIRECCION MUNICIPAL DE SALUD DE MARTIRES
11015,DIRECCION MUNICIPAL DE SALUD DE ANTONIO NARIÑO
11016,DIRECCION MUNICIPAL DE SALUD DE PUENTE ARANDA
11017,DIRECCION MUNICIPAL DE SALUD DE CANDELARIA
11018,DIRECCION MUNICIPAL DE SALUD DE RAFAEL URIBE
11019,DIRECCION MUNICIPAL DE SALUD DE CIUDAD BOLIVAR
11020,DIRECCION MUNICIPAL DE SALUD DE SUMAPAZ
13000,DIRECCION DEPARTAMENTAL DE BOLIVAR
13001,DIRECCION MUNICIPAL DE SALUD DE CARTAGENA
13006,DIRECCION MUNICIPAL DE SALUD DE ACHI
13030,DIRECCION MUNICIPAL DE SALUD DE ALTOS DEL ROSARIO
13042,DIRECCION MUNICIPAL DE SALUD DE ARENAL
13052,DIRECCION MUNICIPAL DE SALUD DE ARJONA
13062,DIRECCION MUNICIPAL DE SALUD DE ARROYOHONDO
13074,DIRECCION MUNICIPAL DE SALUD DE BARRANCO DE LOBA
13-1,ASEG COLSEGUROS S. A.
13-14,ASEG GENERALI COLOMBIASEGUROS GENERALES SA
13140,DIRECCION MUNICIPAL DE SALUD DE CALAMAR
13-15,ASEG ROYAL & SUN ALLIANCE SEGUROS (COLOMBIA) SA
13160,DIRECCION MUNICIPAL DE SALUD DE CANTAGALLO
13-17,ASEG COMPAÑIA MUNDIAL DE SEGUROS S.A.
13-18,ASEG COMPAÑIA SURAMERICANA DE SEGUROS S.A.
13188,DIRECCION MUNICIPAL DE SALUD DE CICUCO
13-19,ASEG CONDOR SA COMPAÑIA DE SEGUROS GENERALES
13-20,"ASEG EL LIBERTADOR, SA"
13-21,ASEG CHUBB DE COLOMBIA COMPAÑIA DE SEGUROS SA
13212,DIRECCION MUNICIPAL DE SALUD DE CORDOBA
13-22,ASEG AIG SEGUROS GENERALES
13222,DIRECCION MUNICIPAL DE SALUD DE CLEMENCIA
13-24,ASEG LA PREVISORA S.A. COMPAÑIA DE SEGUROS
13244,DIRECCION MUNICIPAL DE SALUD DE EL CARMEN DE BOLIVAR
13248,DIRECCION MUNICIPAL DE SALUD DE EL GUAMO
13-25,ASEG SEGUROS ALFA SA
13-26,ASEG MAPFRE SEGUROS GENERALES DE COLOMBIA SA
13268,DIRECCION MUNICIPAL DE SALUD DE EL PENON
13-27,ASEG SEGUROS COMERCIALES BOLIVAR SA
13-29,ASEG SEGUROS DEL ESTADO S.A.
13-30,ASEG SEGUREXPO DE COLOMBIA SA ASEGURADORA DE CREDITO Y DEL COMERCIO EXTERIOR
13300,DIRECCION MUNICIPAL DE SALUD DE HATILLO DE LOBA
13-33,ASEG LIBERTY SEGUROS S.A.
13-41,ASEG BBVA SEGUROS GANADERO COMPAÑIA DE SEGUROS SA
13-42,ASEG COMPAÑIA DE SEGUROS DE CREDITOS COMERCIALES SA CREDISEGURO SA
13430,DIRECCION MUNICIPAL DE SALUD DE MAGANGUE
13433,DIRECCION MUNICIPAL DE SALUD DE MAHATES
13-44,CARDIF COLOMBIA SEGUROS GENERALES S.A.
13440,DIRECCION MUNICIPAL DE SALUD DE MARGARITA
13442,DIRECCION MUNICIPAL DE SALUD DE MARIA LA BAJA
13458,DIRECCION MUNICIPAL DE SALUD DE MONTECRISTO
13468,DIRECCION MUNICIPAL DE SALUD DE MOMPOS
13473,DIRECCION MUNICIPAL DE SALUD DE MORALES
13490,DIRECCION MUNICIPAL DE NOROSI
13-5,ASEG ACE SEGUROS SA (ANTES: CIGNA SEGUROS DE COLOMBIA SA)
13549,DIRECCION MUNICIPAL DE SALUD DE PINILLOS
13580,DIRECCION MUNICIPAL DE SALUD DE REGIDOR
13-6,ASEG SEGUROS COLPATRIA S.A.
13600,DIRECCION MUNICIPAL DE SALUD DE RIO VIEJO
13620,DIRECCION MUNICIPAL DE SALUD DE SAN CRISTOBAL
13647,DIRECCION MUNICIPAL DE SALUD DE SAN ESTANISLAO
13650,DIRECCION MUNICIPAL DE SALUD DE SAN FERNANDO
13654,DIRECCION MUNICIPAL DE SALUD DE SAN JACINTO
13655,DIRECCION MUNICIPAL DE SALUD DE SAN JACINTO DEL CAUCA
13657,DIRECCION MUNICIPAL DE SALUD DE SAN JUAN NEPOMUCENO
13667,DIRECCION MUNICIPAL DE SALUD DE SAN MARTIN DE LOBA
13670,DIRECCION MUNICIPAL DE SALUD DE SAN PABLO
13673,DIRECCION MUNICIPAL DE SALUD DE SANTA CATALINA
13683,DIRECCION MUNICIPAL DE SALUD DE SANTA ROSA
13688,DIRECCION MUNICIPAL DE SALUD DE SANTA ROSA DEL SUR
13-7,ASEG COMPAÑIA AGRICOLA DE SEGUROS S.A.
13744,DIRECCION MUNICIPAL DE SALUD DE SIMITI
13760,DIRECCION MUNICIPAL DE SALUD DE SOPLAVIENTO
13780,DIRECCION MUNICIPAL DE SALUD DE TALAIGUA NUEVO
13-8,"ASEG COMPAÑIA ASEGURADORA DE FIANZAS SA, CONFIANZA (VER NOVEDADES 2000"
13810,DIRECCION MUNICIPAL DE SALUD DE TIQUISIO
13836,DIRECCION MUNICIPAL DE SALUD DE TURBACO
13838,DIRECCION MUNICIPAL DE SALUD DE TURBANA
13873,DIRECCION MUNICIPAL DE SALUD DE VILLANUEVA
13894,DIRECCION MUNICIPAL DE SALUD DE ZAMBRANO
13-9,CENTRAL DE SEGUROS
14-1,ASEG DE VIDA COLSEGUROS S.A.
14-10,ASEG GENERALI COLOMBIA VIDA COMPAÑIA DE SEGUROS S.A.
14-11,ASEG SURAMERICANA DE SEGUROS DE VIDA S.A.
14-13,ASEG AIG COLOMBIA SEGUROS DE VIDA S.A
14-14,ASEG CYBERSEGUROS DE COLOMBIA SA (ANTES LA NACIONAL COMPAÑIA DE SEGUROS DE VIDA SA)
14-15,ASEG MUNDIAL DE SEGUROS DE VIDA SA
14-16,ASEG PAN AMERICAN DE COLOMBIA COMPAÑIA DE SEGUROS DE VIDA S.A.
14-17,SEGUROS DE VIDA ALFA S.A. VIDALFA S.A.
14-18,LIBERTY SEGUROS DE VIDA SA
14-19,ASEG SEGUROS DE VIDA DEL ESTADO S.A.
14-20,GLOBAL SEGUROS
14-23,POSITIVA COMPAÑIA DE SEGUROS SA
14-25,COMPAÑIA DE SEGUROS DE VIDA COLMENA S.A.
14-26,ASEG BBV SEGUROS GANADERO COMPAÑIA DE SEGUROS DE VIDA SA LA GANADERA ADMINISTRADORA DE RIESGOS PROFESIONALES
14-27,ASEG COMPAÑIA CENTRAL DE SEGUROS DE VIDA SA
14-28,SEGUROS DE RIESGOS LABORALES SURAMERICANA S.A.
14-29,LA EQUIDAD SEGUROS DE VIDA
14-30,MAPFRE COLOMBIA VIDA SEGUROS S A
14-4,AXA COLPATRIA SEGUROS DE VIDA S.A
14-5,ASEG COMPAÑIA AGRICOLA DE SEGUROS DE VIDA SA
14-7,COMPAÑIA DE SEGUROS BOLIVAR S.A.
14-8,COMPANIA DE SEGUROS DE VIDA AURORA S A
15000,DIRECCION DE DEPARTAMENTAL DE BOYACA
15001,DIRECCION MUNICIPAL DE SALUD DE TUNJA
15022,DIRECCION MUNICIPAL DE SALUD DE ALMEIDA
15047,DIRECCION MUNICIPAL DE SALUD DE AQUITANIA
15051,DIRECCION MUNICIPAL DE SALUD DE ARCABUCO
15087,DIRECCION MUNICIPAL DE SALUD DE BELEN
15090,DIRECCION MUNICIPAL DE SALUD DE BERBEO
15092,DIRECCION MUNICIPAL DE SALUD DE BETEITIVA
15097,DIRECCION MUNICIPAL DE SALUD DE BOAVITA
15-1,LA EQUIDAD SEGUROS GENERALES
15104,DIRECCION MUNICIPAL DE SALUD DE BOYACA
15106,DIRECCION MUNICIPAL DE SALUD DE BRICEÑO
15109,DIRECCION MUNICIPAL DE SALUD DE BUENAVISTA
15114,DIRECCION MUNICIPAL DE SALUD DE BUSBANZA
15131,DIRECCION MUNICIPAL DE SALUD DE CALDAS
15135,DIRECCION MUNICIPAL DE SALUD DE CAMPOHERMOSO
15162,DIRECCION MUNICIPAL DE SALUD DE CERINZA
15172,DIRECCION MUNICIPAL DE SALUD DE CHINAVITA
15176,DIRECCION MUNICIPAL DE SALUD DE CHIQUINQUIRA
15180,DIRECCION MUNICIPAL DE SALUD DE CHISCAS
15183,DIRECCION MUNICIPAL DE SALUD DE CHITA
15185,DIRECCION MUNICIPAL DE SALUD DE CHITARAQUE
15187,DIRECCION MUNICIPAL DE SALUD DE CHIVATA
15189,DIRECCION MUNICIPAL DE SALUD DE CIENEGA
15-2,ASEG SOLIDARIA DE COLOMBIA LTDA ENTIDAD COOPERATIVA SOLIDARIA
15204,DIRECCION MUNICIPAL DE SALUD DE COMBITA
15212,DIRECCION MUNICIPAL DE SALUD DE COPER
15215,DIRECCION MUNICIPAL DE SALUD DE CORRALES
15218,DIRECCION MUNICIPAL DE SALUD DE COVARACHIA
15223,DIRECCION MUNICIPAL DE SALUD DE CUBARA
15224,DIRECCION MUNICIPAL DE SALUD DE CUCAITA
15226,DIRECCION MUNICIPAL DE SALUD DE CUITIVA
15232,DIRECCION MUNICIPAL DE SALUD DE CHIQUIZA
15236,DIRECCION MUNICIPAL DE SALUD DE CHIVOR
15238,DIRECCION MUNICIPAL DE SALUD DE DUITAMA
15244,DIRECCION MUNICIPAL DE SALUD DE EL COCUY
15248,DIRECCION MUNICIPAL DE SALUD DE EL ESPINO
15272,DIRECCION MUNICIPAL DE SALUD DE FIRAVITOBA
15276,DIRECCION MUNICIPAL DE SALUD DE FLORESTA
15293,DIRECCION MUNICIPAL DE SALUD DE GACHANTIVA
15296,DIRECCION MUNICIPAL DE SALUD DE GAMEZA
15299,DIRECCION MUNICIPAL DE SALUD DE GARAGOA
15317,DIRECCION MUNICIPAL DE SALUD DE GUACAMAYAS
15322,DIRECCION MUNICIPAL DE SALUD DE GUATEQUE
15325,DIRECCION MUNICIPAL DE SALUD DE GUAYATA
15332,DIRECCION MUNICIPAL DE SALUD DE GUICAN
15362,DIRECCION MUNICIPAL DE SALUD DE IZA
15367,DIRECCION MUNICIPAL DE SALUD DE JENESANO
15368,DIRECCION MUNICIPAL DE SALUD DE JERICO
15377,DIRECCION MUNICIPAL DE SALUD DE LABRANZAGRANDE
15380,DIRECCION MUNICIPAL DE SALUD DE LA CAPILLA
15401,DIRECCION MUNICIPAL DE SALUD DE LA VICTORIA
15403,DIRECCION MUNICIPAL DE SALUD DE LA UVITA
15407,DIRECCION MUNICIPAL DE SALUD DE VILLA DE LEYVA
15425,DIRECCION MUNICIPAL DE SALUD DE MACANAL
15442,DIRECCION MUNICIPAL DE SALUD DE MARIPI
15455,DIRECCION MUNICIPAL DE SALUD DE MIRAFLORES
15464,DIRECCION MUNICIPAL DE SALUD DE MONGUA
15466,DIRECCION MUNICIPAL DE SALUD DE MONGUI
15469,DIRECCION MUNICIPAL DE SALUD DE MONIQUIRA
15476,DIRECCION MUNICIPAL DE SALUD DE MOTAVITA
15480,DIRECCION MUNICIPAL DE SALUD DE MUZO
15491,DIRECCION MUNICIPAL DE SALUD DE NOBSA
15494,DIRECCION MUNICIPAL DE SALUD DE NUEVO COLON
15500,DIRECCION MUNICIPAL DE SALUD DE OICATA
15507,DIRECCION MUNICIPAL DE SALUD DE OTANCHE
15511,DIRECCION MUNICIPAL DE SALUD DE PACHAVITA
15514,DIRECCION MUNICIPAL DE SALUD DE PAEZ
15516,DIRECCION MUNICIPAL DE SALUD DE PAIPA
15518,DIRECCION MUNICIPAL DE SALUD DE PAJARITO
15522,DIRECCION MUNICIPAL DE SALUD DE PANQUEBA
15531,DIRECCION MUNICIPAL DE SALUD DE PAUNA
15533,DIRECCION MUNICIPAL DE SALUD DE PAYA
15537,DIRECCION MUNICIPAL DE SALUD DE PAZ DE RIO
15542,DIRECCION MUNICIPAL DE SALUD DE PESCA
15550,DIRECCION MUNICIPAL DE SALUD DE PISBA
15572,DIRECCION MUNICIPAL DE SALUD DE PUERTO BOYACA
15580,DIRECCION MUNICIPAL DE SALUD DE QUIPAMA
15599,DIRECCION MUNICIPAL DE SALUD DE RAMIRIQUI
15600,DIRECCION MUNICIPAL DE SALUD DE RAQUIRA
15621,DIRECCION MUNICIPAL DE SALUD DE RONDON
15632,DIRECCION MUNICIPAL DE SALUD DE SABOYA
15638,DIRECCION MUNICIPAL DE SALUD DE SACHICA
15646,DIRECCION MUNICIPAL DE SALUD DE SAMACA
15660,DIRECCION MUNICIPAL DE SALUD DE SAN EDUARDO
15664,DIRECCION MUNICIPAL DE SALUD DE SAN JOSE DE PARE
15667,DIRECCION MUNICIPAL DE SALUD DE SAN LUIS DE GACENO
15673,DIRECCION MUNICIPAL DE SALUD DE SAN MATEO
15676,DIRECCION MUNICIPAL DE SALUD DE SAN MIGUEL DE SEMA
15681,DIRECCION MUNICIPAL DE SALUD DE SAN PABLO BORBUR
15686,DIRECCION MUNICIPAL DE SALUD DE SANTANA
15690,DIRECCION MUNICIPAL DE SALUD DE SANTA MARIA
15693,DIRECCION MUNICIPAL DE SALUD DE SAN ROSA VITERBO
15696,DIRECCION MUNICIPAL DE SALUD DE SANTA SOFIA
15720,DIRECCION MUNICIPAL DE SALUD DE SATIVANORTE
15723,DIRECCION MUNICIPAL DE SALUD DE SATIVASUR
15740,DIRECCION MUNICIPAL DE SALUD DE SIACHOQUE
15753,DIRECCION MUNICIPAL DE SALUD DE SOATA
15755,DIRECCION MUNICIPAL DE SALUD DE SOCOTA
15757,DIRECCION MUNICIPAL DE SALUD DE SOCHA
15759,DIRECCION MUNICIPAL DE SALUD DE SOGAMOSO
15761,DIRECCION MUNICIPAL DE SALUD DE SOMONDOCO
15762,DIRECCION MUNICIPAL DE SALUD DE SORA
15763,DIRECCION MUNICIPAL DE SALUD DE SOTAQUIRA
15764,DIRECCION MUNICIPAL DE SALUD DE SORACA
15774,DIRECCION MUNICIPAL DE SALUD DE SUSACON
15776,DIRECCION MUNICIPAL DE SALUD DE SUTAMARCHAN
15778,DIRECCION MUNICIPAL DE SALUD DE SUTATENZA
15790,DIRECCION MUNICIPAL DE SALUD DE TASCO
15798,DIRECCION MUNICIPAL DE SALUD DE TENZA
15804,DIRECCION MUNICIPAL DE SALUD DE TIBANA
15806,DIRECCION MUNICIPAL DE SALUD DE TIBASOSA
15808,DIRECCION MUNICIPAL DE SALUD DE TINJACA
15810,DIRECCION MUNICIPAL DE SALUD DE TIPACOQUE
15814,DIRECCION MUNICIPAL DE SALUD DE TOCA
15816,DIRECCION MUNICIPAL DE SALUD DE TOGUI
15820,DIRECCION MUNICIPAL DE SALUD DE TOPAGA
15822,DIRECCION MUNICIPAL DE SALUD DE TOTA
15832,DIRECCION MUNICIPAL DE SALUD DE TUNUNGUA
15835,DIRECCION MUNICIPAL DE SALUD DE TURMEQUE
15837,DIRECCION MUNICIPAL DE SALUD DE TUTA
15839,DIRECCION MUNICIPAL DE SALUD DE TUTAZA
15842,DIRECCION MUNICIPAL DE SALUD DE UMBITA
15861,DIRECCION MUNICIPAL DE SALUD DE VENTAQUEMADA
15879,DIRECCION MUNICIPAL DE SALUD DE VIRACACHA
15897,DIRECCION MUNICIPAL DE SALUD DE ZETAQUIRA
17000,DIRECCION DEPARTAMENTAL DE CALDAS
17001,DIRECCION MUNICIPAL DE SALUD DE MANIZALES
17013,DIRECCION MUNICIPAL DE SALUD DE AGUADAS
17042,DIRECCION MUNICIPAL DE SALUD DE ANSERMA
17050,DIRECCION MUNICIPAL DE SALUD DE ARANZAZU
17088,DIRECCION MUNICIPAL DE SALUD DE BELALCAZAR
17174,DIRECCION MUNICIPAL DE SALUD DE CHINCHINA
17272,DIRECCION MUNICIPAL DE SALUD DE FILADELFIA
17380,DIRECCION MUNICIPAL DE SALUD DE LA DORADA
17388,DIRECCION MUNICIPAL DE SALUD DE LA MERCED
17433,DIRECCION MUNICIPAL DE SALUD DE MANZANARES
17442,DIRECCION MUNICIPAL DE SALUD DE MARMATO
17444,DIRECCION MUNICIPAL DE SALUD DE MARQUETALIA
17446,DIRECCION MUNICIPAL DE SALUD DE MARULANDA
17486,DIRECCION MUNICIPAL DE SALUD DE NEIRA
17495,DIRECCION MUNICIPAL DE SALUD DE NORCASIA
17513,DIRECCION MUNICIPAL DE SALUD DE PACORA
17524,DIRECCION MUNICIPAL DE SALUD DE PALESTINA
17541,DIRECCION MUNICIPAL DE SALUD DE PENSILVANIA
17614,DIRECCION MUNICIPAL DE SALUD DE RIOSUCIO
17616,DIRECCION MUNICIPAL DE SALUD DE RISARALDA
17653,DIRECCION MUNICIPAL DE SALUD DE SALAMINA
17662,DIRECCION MUNICIPAL DE SALUD DE SAMANA
17665,DIRECCION MUNICIPAL DE SALUD DE SAN JOSE
17777,DIRECCION MUNICIPAL DE SALUD DE SUPIA
17867,DIRECCION MUNICIPAL DE SALUD DE VICTORIA
17873,DIRECCION MUNICIPAL DE SALUD DE VILLAMARIA
17877,DIRECCION MUNICIPAL DE SALUD DE VITERBO
18000,DIRECCION DEPARTAMENTAL DE CAQUETA
18001,DIRECCION MUNICIPAL DE SALUD DE FLORENCIA
18029,DIRECCION MUNICIPAL DE SALUD DE ALBANIA CAQUETA
18094,DIRECCION MUNICIPAL DE SALUD DE BELEN DE LOS ANDAQUIES
18150,DIRECCION MUNICIPAL DE SALUD DE CARTAGENA DEL CHAIRA
18205,DIRECCION MUNICIPAL DE SALUD DE CURRILLO
18247,DIRECCION MUNICIPAL DE SALUD DE EL DONCELLO
18256,DIRECCION MUNICIPAL DE SALUD DE EL PAUJIL
18410,DIRECCION MUNICIPAL DE SALUD DE LA MONTAÑITA
18460,DIRECCION MUNICIPAL DE SALUD DE MILAN
18479,DIRECCION MUNICIPAL DE SALUD DE MORELIA
18592,DIRECCION MUNICIPAL DE SALUD DE PUERTO RICO
18610,DIRECCION MUNICIPAL DE SALUD DE SAN JOSE DE LA FRAGUA
18753,DIRECCION MUNICIPAL DE SALUD DE SAN VICENTE DEL CAGUAN
18756,DIRECCION MUNICIPAL DE SALUD DE SOLANO
18785,DIRECCION MUNICIPAL DE SALUD DE SOLITA
18860,DIRECCION MUNICIPAL DE SALUD DE VALPARAISO
19000,DIRECCION DEPARTAMENTAL DEL CAUCA
19001,DIRECCION MUNICIPAL DE SALUD DE POPAYAN
19022,DIRECCION MUNICIPAL DE SALUD DE ALMAGUER
19050,DIRECCION MUNICIPAL DE SALUD DE ARGELIA
19075,DIRECCION MUNICIPAL DE SALUD DE BALBOA
19100,DIRECCION MUNICIPAL DE SALUD DE BOLIVAR
19110,DIRECCION MUNICIPAL DE SALUD DE BUENOS AIRES
19130,DIRECCION MUNICIPAL DE SALUD DE CAJIBIO
19137,DIRECCION MUNICIPAL DE SALUD DE CALDONO
19142,DIRECCION MUNICIPAL DE SALUD DE CALOTO
19212,DIRECCION MUNICIPAL DE SALUD DE CORINTO
19256,DIRECCION MUNICIPAL DE SALUD DE EL TAMBO
19290,DIRECCION MUNICIPAL DE SALUD DE FLORENCIA
19300,DIRECCION MUNICIPAL DE GUACHENE
19318,DIRECCION MUNICIPAL DE SALUD DE GUAPI
19355,DIRECCION MUNICIPAL DE SALUD DE INZA
19364,DIRECCION MUNICIPAL DE SALUD DE JAMBALO
19392,DIRECCION MUNICIPAL DE SALUD DE LA SIERRA
19397,DIRECCION MUNICIPAL DE SALUD DE LA VEGA
19418,DIRECCION MUNICIPAL DE SALUD DE LOPEZ
19450,DIRECCION MUNICIPAL DE SALUD DE MERCADERES
19455,DIRECCION MUNICIPAL DE SALUD DE MIRANDA
19473,DIRECCION MUNICIPAL DE SALUD DE MORALES
19513,DIRECCION MUNICIPAL DE SALUD DE PADILLA
19517,DIRECCION MUNICIPAL DE SALUD DE PAEZ
19532,DIRECCION MUNICIPAL DE SALUD DE PATIA
19533,DIRECCION MUNICIPAL DE SALUD DE PIAMONTE
19548,DIRECCION MUNICIPAL DE SALUD DE PIENDAMO
19573,DIRECCION MUNICIPAL DE SALUD DE PUERTO TEJADA
19585,DIRECCION MUNICIPAL DE SALUD DE PURACE
19622,DIRECCION MUNICIPAL DE SALUD DE ROSAS
19693,DIRECCION MUNICIPAL DE SALUD DE SAN SEBASTIAN
19698,DIRECCION MUNICIPAL DE SALUD DE SANTANDER DE QUILICHAO
19701,DIRECCION MUNICIPAL DE SALUD DE SANTA ROSA
19743,DIRECCION MUNICIPAL DE SALUD DE SILVIA
19760,DIRECCION MUNICIPAL DE SALUD DE SOTARA
19780,DIRECCION MUNICIPAL DE SALUD DE SUAREZ
19785,DIRECCION MUNICIPAL DE SALUD DE SUCRE
19807,DIRECCION MUNICIPAL DE SALUD DE TIMBIO
19809,DIRECCION MUNICIPAL DE SALUD DE TIMBIQUI
19821,DIRECCION MUNICIPAL DE SALUD DE TORIBIO
19824,DIRECCION MUNICIPAL DE SALUD DE TOTORO
19845,DIRECCION MUNICIPAL DE SALUD DE VILLA RICA
20000,DIRECCION DEPARTAMENTAL DEL CESAR
20001,DIRECCION MUNICIPAL DE SALUD DE VALLEDUPAR
20011,DIRECCION MUNICIPAL DE SALUD DE AGUACHICA
20013,DIRECCION MUNICIPAL DE SALUD DE AGUSTIN CODAZZI
20032,DIRECCION MUNICIPAL DE SALUD DE ASTREA
20045,DIRECCION MUNICIPAL DE SALUD DE BECERRIL
20060,DIRECCION MUNICIPAL DE SALUD DE BOSCONIA
20175,DIRECCION MUNICIPAL DE SALUD DE CHIMICHAGUA
20178,DIRECCION MUNICIPAL DE SALUD DE CHIRIGUANA
20228,DIRECCION MUNICIPAL DE SALUD DE CURUMANI
20238,DIRECCION MUNICIPAL DE SALUD DE EL COPEY
20250,DIRECCION MUNICIPAL DE SALUD DE EL PASO
20295,DIRECCION MUNICIPAL DE SALUD DE GAMARRA
20310,DIRECCION MUNICIPAL DE SALUD DE GONZALEZ
20383,DIRECCION MUNICIPAL DE SALUD DE LA GLORIA
20400,DIRECCION MUNICIPAL DE SALUD DE LA JAGUA DE IBIRICO
20443,DIRECCION MUNICIPAL DE SALUD DE MANAURE
20517,DIRECCION MUNICIPAL DE SALUD DE PAILITAS
20550,DIRECCION MUNICIPAL DE SALUD DE PELAYA
20570,DIRECCION MUNICIPAL DE SALUD DE PUEBLO BELLO
20614,DIRECCION MUNICIPAL DE SALUD DE RIO DE ORO
20621,DIRECCION MUNICIPAL DE SALUD DE LA PAZ
20710,DIRECCION MUNICIPAL DE SALUD DE SAN ALBERTO
20750,DIRECCION MUNICIPAL DE SALUD DE SAN DIEGO
20770,DIRECCION MUNICIPAL DE SALUD DE SAN MARTIN
20787,DIRECCION MUNICIPAL DE SALUD DE TAMALAMEQUE
23000,DIRECCION DEPARTAMETAL DE CORDOBA
23001,DIRECCION MUNICIPAL DE SALUD DE MONTERIA
23068,DIRECCION MUNICIPAL DE SALUD DE AYAPEL
23079,DIRECCION MUNICIPAL DE SALUD DE BUENAVISTA
23090,DIRECCION MUNICIPAL DE SALUD DE CANALETE
23162,DIRECCION MUNICIPAL DE SALUD DE CERETE
23168,DIRECCION MUNICIPAL DE SALUD DE CHIMA
23182,DIRECCION MUNICIPAL DE SALUD DE CHINU
23189,DIRECCION MUNICIPAL DE SALUD DE CIENAGA DE ORO
23300,DIRECCION MUNICIPAL DE SALUD DE COTORRA
23350,DIRECCION MUNICIPAL DE SALUD DE LA APARTADA
23417,DIRECCION MUNICIPAL DE SALUD DE LORICA
23419,DIRECCION MUNICIPAL DE SALUD DE LOS CORDOBAS
23464,DIRECCION MUNICIPAL DE SALUD DE MOMIL
23466,DIRECCION MUNICIPAL DE SALUD DE MONTELIBANO
23500,DIRECCION MUNICIPAL DE SALUD DE MOÑITOS
23555,DIRECCION MUNICIPAL DE SALUD DE PLANETA RICA
23570,DIRECCION MUNICIPAL DE SALUD DE PUEBLO NUEVO
23574,DIRECCION MUNICIPAL DE SALUD DE PUERTO ESCONDIDO
23580,DIRECCION MUNICIPAL DE SALUD DE PUERTO LIBERTADOR
23586,DIRECCION MUNICIPAL DE SALUD DE PURISIMA
23660,DIRECCION MUNICIPAL DE SALUD DE SAHAGUN
23670,DIRECCION MUNICIPAL DE SALUD DE SAN ANDRES DE SOTAVENTO
23672,DIRECCION MUNICIPAL DE SALUD DE SAN ANTERO
23675,DIRECCION MUNICIPAL DE SALUD DE SAN BERNARDO DEL VIENTO
23678,DIRECCION MUNICIPAL DE SALUD DE SAN CARLOS
23682,DIRECCION MUNICIPAL DE SAN JOSE DE URE
23686,DIRECCION MUNICIPAL DE SALUD DE SAN PELAYO
23807,DIRECCION MUNICIPAL DE SALUD DE TIERRALTA
23815,DIRECCION MUNICIPAL DE TUCHIN
23855,DIRECCION MUNICIPAL DE SALUD DE VALENCIA
25000,DIRECCION DEPARTAMENTAL DE CUNDINAMARCA
25001,DIRECCION MUNICIPAL DE SALUD DE AGUA DE DIOS
25019,DIRECCION MUNICIPAL DE SALUD DE ALBAN
25035,DIRECCION MUNICIPAL DE SALUD DE ANAPOIMA
25040,DIRECCION MUNICIPAL DE SALUD DE ANOLAIMA
25053,DIRECCION MUNICIPAL DE SALUD DE ARBELAEZ
25086,DIRECCION MUNICIPAL DE SALUD DE BELTRAN
25095,DIRECCION MUNICIPAL DE SALUD DE BITUIMA
25099,DIRECCION MUNICIPAL DE SALUD DE BOJACA
25120,DIRECCION MUNICIPAL DE SALUD DE CABRERA
25123,DIRECCION MUNICIPAL DE SALUD DE CACHIPAY
25126,DIRECCION MUNICIPAL DE SALUD DE CAJICA
25148,DIRECCION MUNICIPAL DE SALUD DE CAPARRAPI
25151,DIRECCION MUNICIPAL DE SALUD DE CAQUEZA
25154,DIRECCION MUNICIPAL DE SALUD DE CARMEN DE CARUPA
25168,DIRECCION MUNICIPAL DE SALUD DE CHAGUANI
25175,DIRECCION MUNICIPAL DE SALUD DE CHIA
25178,DIRECCION MUNICIPAL DE SALUD DE CHIPAQUE
25181,DIRECCION MUNICIPAL DE SALUD DE CHOACHI
25183,DIRECCION MUNICIPAL DE SALUD DE CHOCONTA
25200,DIRECCION MUNICIPAL DE SALUD DE COGUA
25214,DIRECCION MUNICIPAL DE SALUD DE COTA
25224,DIRECCION MUNICIPAL DE SALUD DE CUCUNUBA
25245,DIRECCION MUNICIPAL DE SALUD DE EL COLEGIO
25258,DIRECCION MUNICIPAL DE SALUD DE EL PEÑON
25260,DIRECCION MUNICIPAL DE SALUD DE EL ROSAL
25269,DIRECCION MUNICIPAL DE SALUD DE FACATATIVA
25279,DIRECCION MUNICIPAL DE SALUD DE FOMEQUE
25281,DIRECCION MUNICIPAL DE SALUD DE FOSCA
25286,DIRECCION MUNICIPAL DE SALUD DE FUNZA
25288,DIRECCION MUNICIPAL DE SALUD DE FUQUENE
25290,DIRECCION MUNICIPAL DE SALUD DE FUSAGASUGA
25293,DIRECCION MUNICIPAL DE SALUD DE GACHALA
25295,DIRECCION MUNICIPAL DE SALUD DE GACHANCIPA
25297,DIRECCION MUNICIPAL DE SALUD DE GACHETA
25299,DIRECCION MUNICIPAL DE SALUD DE GAMA
25307,DIRECCION MUNICIPAL DE SALUD DE GIRARDOT
25312,DIRECCION MUNICIPAL DE SALUD DE GRANADA
25317,DIRECCION MUNICIPAL DE SALUD DE GUACHETA
25320,DIRECCION MUNICIPAL DE SALUD DE GUADUAS
25322,DIRECCION MUNICIPAL DE SALUD DE GUASCA
25324,DIRECCION MUNICIPAL DE SALUD DE GUATAQUI
25326,DIRECCION MUNICIPAL DE SALUD DE GUATAVITA
25328,DIRECCION MUNICIPAL DE SALUD DE GUAYABAL DE SIQUIMA
25335,DIRECCION MUNICIPAL DE SALUD DE GUAYABETAL
25339,DIRECCION MUNICIPAL DE SALUD DE GUTIERREZ
25368,DIRECCION MUNICIPAL DE SALUD DE JERUSALEN
25372,DIRECCION MUNICIPAL DE SALUD DE JUNIN
25377,DIRECCION MUNICIPAL DE SALUD DE LA CALERA
25386,DIRECCION MUNICIPAL DE SALUD DE LA MESA
25394,DIRECCION MUNICIPAL DE SALUD DE LA PALMA
25398,DIRECCION MUNICIPAL DE SALUD DE LA PEÑA
25402,DIRECCION MUNICIPAL DE SALUD DE LA VEGA
25407,DIRECCION MUNICIPAL DE SALUD DE LENGUAZAQUE
25426,DIRECCION MUNICIPAL DE SALUD DE MACHETA
25430,DIRECCION MUNICIPAL DE SALUD DE MADRID
25436,DIRECCION MUNICIPAL DE SALUD DE MANTA
25438,DIRECCION MUNICIPAL DE SALUD DE MEDINA
25473,DIRECCION MUNICIPAL DE SALUD DE MOSQUERA
25483,DIRECCION MUNICIPAL DE SALUD DE NARIÑO
25486,DIRECCION MUNICIPAL DE SALUD DE NEMOCON
25488,DIRECCION MUNICIPAL DE SALUD DE NILO
25489,DIRECCION MUNICIPAL DE SALUD DE NIMAIMA
25491,DIRECCION MUNICIPAL DE SALUD DE NOCAIMA
25506,DIRECCION MUNICIPAL DE SALUD DE VENECIA
25513,DIRECCION MUNICIPAL DE SALUD DE PACHO
25518,DIRECCION MUNICIPAL DE SALUD DE PAIME
25524,DIRECCION MUNICIPAL DE SALUD DE PANDI
25530,DIRECCION MUNICIPAL DE SALUD DE PARATEBUENO
25535,DIRECCION MUNICIPAL DE SALUD DE PASCA
25572,DIRECCION MUNICIPAL DE SALUD DE PUERTO SALGAR
25580,DIRECCION MUNICIPAL DE SALUD DE PULI
25592,DIRECCION MUNICIPAL DE SALUD DE QUEBRADANEGRA
25594,DIRECCION MUNICIPAL DE SALUD DE QUETAME
25596,DIRECCION MUNICIPAL DE SALUD DE QUIPILE
25599,DIRECCION MUNICIPAL DE SALUD DE APULO
25612,DIRECCION MUNICIPAL DE SALUD DE RICAURTE
25645,DIRECCION MUNICIPAL DE SALUD DE SAN ANTONIO DE TEQUENDAMA
25649,DIRECCION MUNICIPAL DE SALUD DE SAN BERNARDO
25653,DIRECCION MUNICIPAL DE SALUD DE SAN CAYETANO
25658,DIRECCION MUNICIPAL DE SALUD DE SAN FRANCISCO
25662,DIRECCION MUNICIPAL DE SALUD DE SAN JUAN DE RIOSECO
25718,DIRECCION MUNICIPAL DE SALUD DE SASAIMA
25736,DIRECCION MUNICIPAL DE SALUD DE SESQUILE
25740,DIRECCION MUNICIPAL DE SALUD DE SIBATE
25743,DIRECCION MUNICIPAL DE SALUD DE SILVANIA
25745,DIRECCION MUNICIPAL DE SALUD DE SIMIJACA
25754,DIRECCION MUNICIPAL DE SALUD DE SOACHA
25758,DIRECCION MUNICIPAL DE SALUD DE SOPO
25769,DIRECCION MUNICIPAL DE SALUD DE SUBACHOQUE
25772,DIRECCION MUNICIPAL DE SALUD DE SUESCA
25777,DIRECCION MUNICIPAL DE SALUD DE SUPATA
25779,DIRECCION MUNICIPAL DE SALUD DE SUSA
25781,DIRECCION MUNICIPAL DE SALUD DE SUTATAUSA
25785,DIRECCION MUNICIPAL DE SALUD DE TABIO
25793,DIRECCION MUNICIPAL DE SALUD DE TAUSA
25797,DIRECCION MUNICIPAL DE SALUD DE TENA
25799,DIRECCION MUNICIPAL DE SALUD DE TENJO
25805,DIRECCION MUNICIPAL DE SALUD DE TIBACUY
25807,DIRECCION MUNICIPAL DE SALUD DE TIBIRITA
25815,DIRECCION MUNICIPAL DE SALUD DE TOCAIMA
25817,DIRECCION MUNICIPAL DE SALUD DE TOCANCIPA
25823,DIRECCION MUNICIPAL DE SALUD DE TOPAIPI
25839,DIRECCION MUNICIPAL DE SALUD DE UBALA
25841,DIRECCION MUNICIPAL DE SALUD DE UBAQUE
25843,DIRECCION MUNICIPAL DE SALUD DE UBATE
25845,DIRECCION MUNICIPAL DE SALUD DE UNE
25851,DIRECCION MUNICIPAL DE SALUD DE UTICA
25862,DIRECCION MUNICIPAL DE SALUD DE VERGARA
25867,DIRECCION MUNICIPAL DE SALUD DE VIANI
25871,DIRECCION MUNICIPAL DE SALUD DE VILLAGOMEZ
25873,DIRECCION MUNICIPAL DE SALUD DE VILLAPINZON
25875,DIRECCION MUNICIPAL DE SALUD DE VILLETA
25878,DIRECCION MUNICIPAL DE SALUD DE VIOTA
25885,DIRECCION MUNICIPAL DE SALUD DE YACOPI
25898,DIRECCION MUNICIPAL DE SALUD DE ZIPACON
25899,DIRECCION MUNICIPAL DE SALUD DE ZIPAQUIRA
27000,DIRECCION DEPARTAMENTAL DE CHOCO
27001,DIRECCION MUNICIPAL DE SALUD DE QUIBDO
27006,DIRECCION MUNICIPAL DE ACANDI
27025,DIRECCION MUNICIPAL DE SALUD DE ALTO BAUDO
27050,DIRECCION MUNICIPAL DE SALUD DE ATRATO
27073,DIRECCION MUNICIPAL DE SALUD DE BAGADO
27075,DIRECCION MUNICIPAL DE SALUD DE BAHIA SOLANO
27077,DIRECCION MUNICIPAL DE SALUD DE BAJO BAUDO
27086,DIRECCION MUNICIPAL DE SALUD DE BELEN DE BAJIRA
27099,DIRECCION MUNICIPAL DE SALUD DE BOJAYA
27135,DIRECCION MUNICIPAL DE SALUD DE CANTON DE SAN PABLO
27150,DIRECCION MUNICIPAL DE SALUD DE CARMEN DEL DARIEN
27160,DIRECCION MUNICIPAL DE SALUD DE CERTEGUI
27205,DIRECCION MUNICIPAL DE SALUD DE CONDOTO
27245,DIRECCION MUNICIPAL DE SALUD DE EL CARMEN DE ATRATO
27250,DIRECCION MUNICIPAL DE SALUD DE EL LITORAL DEL SAN JUAN
27361,DIRECCION MUNICIPAL DE SALUD DE ITSMINA
27372,DIRECCION MUNICIPAL DE SALUD DE JURADO
27413,DIRECCION MUNICIPAL DE SALUD DE LLORO
27425,DIRECCION MUNICIPAL DE SALUD DE MEDIO ATRATO
27430,DIRECCION MUNICIPAL DE SALUD DE MEDIO BAUDO
27450,DIRECCION MUNICIPAL DE SALUD DE MEDIO SAN JUAN
27491,DIRECCION MUNICIPAL DE SALUD DE NOVITA
27495,DIRECCION MUNICIPAL DE SALUD DE NUQUI
27580,DIRECCION MUNICIPAL DE SALUD DE RIO IRO
27600,DIRECCION MUNICIPAL DE SALUD DE RIO QUITO
27615,DIRECCION MUNICIPAL DE SALUD DE RIOSUCIO
27660,DIRECCION MUNICIPAL DE SALUD DE SAN JOSE DEL PALMAR
27745,DIRECCION MUNICIPAL DE SALUD DE SIPI
27787,DIRECCION MUNICIPAL DE SALUD DE TADO
27800,DIRECCION MUNICIPAL DE SALUD DE UNGUIA
27810,DIRECCION MUNICIPAL DE SALUD DE UNION PANAMERICANA
41000,DIRECCION DEPARTAMENTAL DE HUILA
41001,DIRECCION LOCAL DE SALUD DE NEIVA
41006,DIRECCION LOCAL DE SALUD DE ACEVEDO HUILA
41013,DIRECCION MUNICIPAL DE SALUD DE AGRADO
41016,DIRECCION LOCAL DE SALUD DE AIPE
41020,DIRECCION MUNICIPAL DE SALUD DE ALGECIRAS
41026,DIRECCION MUNICIPAL DE SALUD DE ALTAMIRA
41078,DIRECCION MUNICIPAL DE SALUD DE BARAYA
41132,DIRECCION MUNICIPAL DE SALUD DE CAMPOALEGRE
41206,DIRECCION MUNICIPAL DE SALUD DE COLOMBIA
41244,DIRECCION MUNICIPAL DE SALUD DE ELIAS
41298,DIRECCION MUNICIPAL DE SALUD DE GARZON
41306,DIRECCION MUNICIPAL DE SALUD DE GIGANTE
41319,DIRECCION MUNICIPAL DE SALUD DE GUADALUPE
41349,DIRECCION MUNICIPAL DE SALUD DE HOBO
41357,DIRECCION MUNICIPAL DE SALUD DE IQUIRA
41359,DIRECCION MUNICIPAL DE SALUD DE ISNOS
41378,DIRECCION MUNICIPAL DE SALUD DE LA ARGENTINA
41396,DIRECCION LOCAL DE SALUD LA PLATA HUILA
41483,DIRECCION LOCAL DE SALUD NATAGA HUILA
41503,DIRECCION MUNICIPAL DE SALUD DE OPORAPA
41518,DIRECCION MUNICIPAL DE SALUD DE PAICOL
41524,DIRECCION LOCAL DE SALUD DE PALERMO HUILA
41530,DIRECCION LOCAL DE SALUD PALESTINA HUILA
41548,DIRECCION LOCAL DE SALUD EL PITAL
41551,DIRECCION LOCAL DE SALUD DE PITALITO HUILA
41615,DIRECCION LOCAL DE SALUD DE RIVERA HUILA
41660,DIRECCION LOCAL DE SALUD SALADO BLANCO
41668,DIRECCION MUNICIPAL DE SALUD DE SAN AGUSTIN
41676,DIRECCION MUNICIPAL DE SALUD DE SANTA MARIA
41770,DIRECCION MUNICIPAL DE SALUD DE SUAZA
41791,DIRECCION MUNICIPAL DE SALUD DE TARQUI
41797,DIRECCION MUNICIPAL DE SALUD DE TESALIA
41799,DIRECCION MUNICIPAL DE SALUD DE TELLO
41801,DIRECCION LOCAL DE SALUD DE TERUEL HUILA
41807,DIRECCION MUNICIPAL DE SALUD DE TIMANA
41872,SECRETARIA MUNICIPAL DE SALUD VILLAVIEJA HUILA
41885,DIRECCION LOCAL DE SALUD DE YAGUARA
44000,DIRECCION DEPARTAMENTAL DE LA GUAJIRA
44001,DIRECCION MUNICIPAL DE RIOHACHA
44035,DIRECCION MUNICIPAL DE SALUD DE ALBANIA
44078,DIRECCION MUNICIPAL DE SALUD DE BARRANCAS
44090,DIRECCION MUNICIPAL DE SALUD DE DIBULLA
44098,DIRECCION MUNICIPAL DE SALUD DE DISTRACCION
44110,DIRECCION MUNICIPAL DE SALUD DE EL MOLINO
44279,DIRECCION MUNICIPAL DE SALUD DE FONSECA
44378,DIRECCION MUNICIPAL DE SALUD DE HATONUEVO
44420,DIRECCION MUNICIPAL DE SALUD DE LA JAGUA DEL PILAR
44430,DIRECCION MUNICIPAL DE SALUD DE MAICAO
44560,DIRECCION MUNICIPAL DE SALUD DE MANAURE
44650,DIRECCION MUNICIPAL DE SALUD DE SAN JUAN DEL CESAR
44847,DIRECCION MUNICIPAL DE SALUD DE URIBIA
44855,DIRECCION MUNICIPAL DE SALUD DE URUMITA
44874,DIRECCION MUNICIPAL DE SALUD DE VILLANUEVA
47000,DIRECCION DEPARTAMENTAL DEL MAGDALENA
47001,DIRECCION MUNICIPAL DE SALUD DE SANTA MARTA
47030,DIRECCION MUNICIPAL DE SALUD DE ALGARROBO
47053,DIRECCION MUNICIPAL DE SALUD DE ARACATACA
47058,DIRECCION MUNICIPAL DE SALUD DE ARIGUANI
47161,DIRECCION MUNICIPAL DE SALUD DE CERRO SAN ANTONIO
47170,DIRECCION MUNICIPAL DE SALUD DE CHIVOLO
47189,DIRECCION MUNICIPAL DE SALUD DE CIENAGA
47205,DIRECCION MUNICIPAL DE SALUD DE CONCORDIA
47245,DIRECCION MUNICIPAL DE SALUD DE EL BANCO
47258,DIRECCION MUNICIPAL DE SALUD DE EL PIÑON
47268,DIRECCION MUNICIPAL DE SALUD DE EL RETEN
47288,DIRECCION MUNICIPAL DE SALUD DE FUNDACION
47318,DIRECCION MUNICIPAL DE SALUD DE GUAMAL
47460,DIRECCION MUNICIPAL DE SALUD DE NUEVA GRANADA
47541,DIRECCION MUNICIPAL DE SALUD DE PEDRAZA
47545,DIRECCION MUNICIPAL DE SALUD DE PIJINO DEL CARMEN
47551,DIRECCION MUNICIPAL DE SALUD DE PIVIJAY
47555,DIRECCION MUNICIPAL DE SALUD DE PLATO
47570,DIRECCION MUNICIPAL DE SALUD DE PUEBLOVIEJO
47605,DIRECCION MUNICIPAL DE SALUD DE REMOLINO
47660,DIRECCION MUNICIPAL DE SALUD DE SABANAS DE SAN ANGEL
47675,DIRECCION MUNICIPAL DE SALUD DE SALAMINA
47692,DIRECCION MUNICIPAL DE SALUD DE SAN SEBASTIAN DE BUENAVISTA
47703,DIRECCION MUNICIPAL DE SALUD DE SAN ZENON
47707,DIRECCION MUNICIPAL DE SALUD DE SANTA ANA
47720,DIRECCION MUNICIPAL DE SALUD DE SANTA BARBARA DE PINTO
47745,DIRECCION MUNICIPAL DE SALUD DE SITIONUEVO
47798,DIRECCION MUNICIPAL DE SALUD DE TENERIFE
47960,DIRECCION MUNICIPAL DE SALUD DE ZAPAYAN
47980,DIRECCION MUNICIPAL DE SALUD DE ZONA BANANERA
50000,DIRECCION DEPARTAMENTAL DEL META
50001,DIRECCION DE SALUD DE VILLAVICENCIO
50006,DIRECCION MUNICIPAL DE ACACIAS
50110,DIRECCION MUNICIPAL DE SALUD DE BARRANCA DE UPIA
50124,DIRECCION MUNICIPAL DE SALUD DE CABUYARO
50150,DIRECCION MUNICIPAL DE SALUD DE CASTILLA LA NUEVA
50223,DIRECCION MUNICIPAL DE SALUD DE SAN LUIS DE CUBARRAL
50226,DIRECCION MUNICIPAL DE SALUD DE CUMARAL
50245,DIRECCION MUNICIPAL DE SALUD DE EL CALVARIO
50251,DIRECCION MUNICIPAL DE SALUD DE EL CASTILLO
50270,DIRECCION MUNICIPAL DE SALUD DE EL DORADO
50287,DIRECCION MUNICIPAL DE SALUD DE FUENTE DE ORO
50313,DIRECCION MUNICIPAL DE SALUD DE GRANADA
50318,DIRECCION MUNICIPAL DE SALUD DE GUAMAL
50325,DIRECCION MUNICIPAL DE SALUD DE MAPIRIPAN
50330,DIRECCION MUNICIPAL DE SALUD DE MESETAS
50350,DIRECCION MUNICIPAL DE SALUD DE LA MACARENA
50370,DIRECCION MUNICIPAL DE SALUD DE LA URIBE
50400,DIRECCION MUNICIPAL DE SALUD DE LEJANIAS
50450,DIRECCION MUNICIPAL DE SALUD DE PUERTO CONCORDIA
50568,DIRECCION MUNICIPAL DE SALUD DE PUERTO GAITAN
50573,DIRECCION MUNICIPAL DE SALUD DE PUERTO LOPEZ
50577,DIRECCION MUNICIPAL DE SALUD DE PUERTO LLERAS
50590,DIRECCION MUNICIPAL DE SALUD DE PUERTO RICO
50606,DIRECCION MUNICIPAL DE SALUD DE RESTREPO
50680,DIRECCION MUNICIPAL DE SALUD DE SAN CARLOS GUAROA
50683,DIRECCION MUNICIPAL DE SALUD DE SAN JUAN DE ARAMA
50686,DIRECCION MUNICIPAL DE SALUD DE SAN JUANITO
50689,DIRECCION MUNICIPAL DE SALUD DE SAN MARTIN
50711,DIRECCION MUNICIPAL DE SALUD DE VISTA HERMOSA
52000,DIRECCION DEPARTAMENTAL DE NARIÑO
52001,DIRECCION MUNICIPAL DE SALUD DE PASTO
52019,DIRECCION MUNICIPAL DE SALUD DE ALBAN
52022,DIRECCION MUNICIPAL DE SALUD DE ALDANA
52036,DIRECCION MUNICIPAL DE SALUD DE ANCUYA
52051,DIRECCION MUNICIPAL DE SALUD DE ARBOLEDA
52079,DIRECCION MUNICIPAL DE SALUD DE BARBACOAS
52083,DIRECCION MUNICIPAL DE SALUD DE BELEN
52110,DIRECCION MUNICIPAL DE SALUD DE BUESACO
52203,DIRECCION MUNICIPAL DE SALUD DE COLON
52207,DIRECCION MUNICIPAL DE SALUD DE CONSACA
52210,DIRECCION MUNICIPAL DE SALUD DE CONTADERO
52215,DIRECCION MUNICIPAL DE SALUD DE CORDOBA
52224,DIRECCION MUNICIPAL DE SALUD DE CUASPUD
52227,DIRECCION MUNICIPAL DE SALUD DE CUMBAL
52233,DIRECCION MUNICIPAL DE SALUD DE CUMBITARA
52240,DIRECCION MUNICIPAL DE SALUD DE CHACHAGUI
52250,DIRECCION MUNICIPAL DE SALUD DE EL CHARCO
52254,DIRECCION MUNICIPAL DE SALUD DE EL PENOL
52256,DIRECCION MUNICIPAL DE SALUD DE EL ROSARIO
52258,DIRECCION MUNICIPAL DE SALUD DE EL TABLON DE GOMEZ
52260,DIRECCION MUNICIPAL DE SALUD DE EL TAMBO
52287,DIRECCION MUNICIPAL DE SALUD DE FUNES
52317,DIRECCION MUNICIPAL DE SALUD DE GUACHUCAL
52320,DIRECCION MUNICIPAL DE SALUD DE GUAITARILLA
52323,DIRECCION MUNICIPAL DE SALUD DE GUALMATAN
52352,DIRECCION MUNICIPAL DE SALUD DE ILES
52354,DIRECCION MUNICIPAL DE SALUD DE IMUES
52356,DIRECCION MUNICIPAL DE SALUD DE IPIALES
52378,DIRECCION MUNICIPAL DE SALUD DE LA CRUZ
52381,DIRECCION MUNICIPAL DE SALUD DE LA FLORIDA
52385,DIRECCION MUNICIPAL DE SALUD DE LA LLANADA
52390,DIRECCION MUNICIPAL DE SALUD DE LA TOLA
52399,DIRECCION MUNICIPAL DE SALUD DE LA UNION
52405,DIRECCION MUNICIPAL DE SALUD DE LEIVA
52411,DIRECCION MUNICIPAL DE SALUD DE LINARES
52418,DIRECCION MUNICIPAL DE SALUD DE LOS ANDES
52427,DIRECCION MUNICIPAL DE SALUD DE MAGUI
52435,DIRECCION MUNICIPAL DE SALUD DE MALLAMA
52473,DIRECCION MUNICIPAL DE SALUD DE MOSQUERA
52480,DIRECCION MUNICIPAL DE SALUD DE NARINO
52490,DIRECCION MUNICIPAL DE SALUD DE OLAYA HERRERA
52506,DIRECCION MUNICIPAL DE SALUD DE OSPINA
52520,DIRECCION MUNICIPAL DE SALUD DE FRANCISCO PIZARRO
52540,DIRECCION MUNICIPAL DE SALUD DE POLICARPA
52560,DIRECCION MUNICIPAL DE SALUD DE POTOSI
52565,DIRECCION MUNICIPAL DE SALUD DE PROVIDENCIA
52573,DIRECCION MUNICIPAL DE SALUD DE PUERRES
52585,DIRECCION MUNICIPAL DE SALUD DE PUPIALES
52612,DIRECCION MUNICIPAL DE SALUD DE RICAURTE
52621,DIRECCION MUNICIPAL DE SALUD DE ROBERTO PAYAN
52678,DIRECCION MUNICIPAL DE SALUD DE SAMANIEGO
52683,DIRECCION MUNICIPAL DE SALUD DE SANDONA
52685,DIRECCION MUNICIPAL DE SALUD DE SAN BERNARDO
52687,DIRECCION MUNICIPAL DE SALUD DE SAN LORENZO
52693,DIRECCION MUNICIPAL DE SALUD DE SAN PABLO
52694,DIRECCION MUNICIPAL DE SALUD DE SAN PEDRO DE CARTAGO
52696,DIRECCION MUNICIPAL DE SALUD DE SANTA BARBARA
52699,DIRECCION MUNICIPAL DE SALUD DE SANTACRUZ
52720,DIRECCION MUNICIPAL DE SALUD DE SAPUYES
52786,DIRECCION MUNICIPAL DE SALUD DE TAMINANGO
52788,DIRECCION MUNICIPAL DE SALUD DE TANGUA
52835,DIRECCION MUNICIPAL DE SALUD DE TUMACO
52838,DIRECCION MUNICIPAL DE SALUD DE TUQUERRES
52885,DIRECCION MUNICIPAL DE SALUD DE YACUANQUER
54000,DIRECCION DEPARTAMENTAL DE SANTANDER
54001,DIRECCION DE SALUD DE CUCUTA
54003,DIRECCION MUNICIPAL DE SALUD DE ABREGO
54051,DIRECCION MUNICIPAL DE SALUD DE ARBOLEDAS
54099,DIRECCION MUNICIPAL DE SALUD DE BOCHALEMA
54109,DIRECCION MUNICIPAL DE SALUD DE BUCARASICA
54125,DIRECCION MUNICIPAL DE SALUD DE CACOTA
54128,DIRECCION MUNICIPAL DE SALUD DE CACHIRA
54172,DIRECCION MUNICIPAL DE SALUD DE CHINACOTA
54174,DIRECCION MUNICIPAL DE SALUD DE CHITAGA
54206,DIRECCION MUNICIPAL DE SALUD DE CONVENCION
54223,DIRECCION MUNICIPAL DE SALUD DE CUCUTILLA
54239,DIRECCION MUNICIPAL DE SALUD DE DURANIA
54245,DIRECCION MUNICIPAL DE SALUD DE EL CARMEN
54250,DIRECCION MUNICIPAL DE SALUD DE EL TARRA
54261,DIRECCION MUNICIPAL DE SALUD DE EL ZULIA
54313,DIRECCION MUNICIPAL DE SALUD DE GRAMALOTE
54344,DIRECCION MUNICIPAL DE SALUD DE HACARI
54347,DIRECCION MUNICIPAL DE SALUD DE HERRAN
54377,DIRECCION MUNICIPAL DE SALUD DE LABATECA
54385,DIRECCION MUNICIPAL DE SALUD DE LA ESPERANZA
54398,DIRECCION MUNICIPAL DE SALUD DE LA PLAYA
54405,DIRECCION MUNICIPAL DE SALUD DE LOS PATIOS
54418,DIRECCION MUNICIPAL DE SALUD DE LOURDES
54480,DIRECCION MUNICIPAL DE SALUD DE MUTISCUA
54498,DIRECCION MUNICIPAL DE SALUD DE OCAÑA
54518,DIRECCION MUNICIPAL DE SALUD DE PAMPLONA
54520,DIRECCION MUNICIPAL DE SALUD DE PAMPLONITA
54553,DIRECCION MUNICIPAL DE SALUD DE PUERTO SANTANDER
54599,DIRECCION MUNICIPAL DE SALUD DE RAGONVALIA
54660,DIRECCION MUNICIPAL DE SALUD DE SALAZAR
54670,DIRECCION MUNICIPAL DE SALUD DE SAN CALIXTO
54673,DIRECCION MUNICIPAL DE SALUD DE SAN CAYETANO
54680,DIRECCION MUNICIPAL DE SALUD DE SANTIAGO
54720,DIRECCION MUNICIPAL DE SALUD DE SARDINATA
54743,DIRECCION MUNICIPAL DE SALUD DE SILOS
54800,DIRECCION MUNICIPAL DE SALUD DE TEORAMA
54810,DIRECCION MUNICIPAL DE SALUD DE TIBU
54820,DIRECCION MUNICIPAL DE SALUD DE TOLEDO
54871,DIRECCION MUNICIPAL DE SALUD DE VILLA CARO
54874,DIRECCION MUNICIPAL DE SALUD DE VILLA DEL ROSARIO
63000,DIRECCION DEPARTAMENTAL DE QUINDIO
63001,DIRECCION MUNICIPAL DE SALUD DE ARMENIA
63111,DIRECCION MUNICIPAL DE SALUD DE BUENAVISTA
63130,DIRECCION MUNICIPAL DE SALUD DE CALARCA
63190,DIRECCION MUNICIPAL DE SALUD DE CIRCASIA
63212,DIRECCION MUNICIPAL DE SALUD DE CORDOBA
63272,DIRECCION MUNICIPAL DE SALUD DE FILANDIA
63302,DIRECCION MUNICIPAL DE SALUD DE GENOVA
63401,DIRECCION MUNICIPAL DE SALUD DE LA TEBAIDA
63470,DIRECCION MUNICIPAL DE SALUD DE MONTENEGRO
63548,DIRECCION MUNICIPAL DE SALUD DE PIJAO
63594,DIRECCION MUNICIPAL DE SALUD DE QUIMBAYA
63690,DIRECCION MUNICIPAL DE SALUD DE SALENTO
66000,DIRECCION DEPARTAMENTAL DE RISARALDA
66001,DIRECCION LOCAL DE SALUD PEREIRA
66045,DIRECCION LOCAL DE SALUD DE APIA
66075,DIRECCION MUNICIPAL DE SALUD DE BALBOA
66088,DIRECCION MUNICIPAL DE SALUD DE BELEN DE UMBRIA
66170,DIRECCION MUNICIPAL DE SALUD DE DOS QUEBRADAS
66318,DIRECCION MUNICIPAL DE SALUD DE GUATICA
66383,DIRECCION MUNICIPAL DE SALUD DE LA CELIA
66400,DIRECCION LOCAL DE SALUD LA VIRGINIA
66440,DIRECCION MUNICIPAL DE SALUD DE MARSELLA
66456,DIRECCION MUNICIPAL DE SALUD DE MISTRATO
66572,DIRECCION MUNICIPAL DE SALUD DE PUEBLO RICO
66594,DIRECCION LOCAL DE SALUD DE QUINCHIA RSDA
66682,DIRECCION MUNICIPAL DE SALUD DE SANTA ROSA DE CABAL
66687,DIRECCION MUNICIPAL DE SALUD DE SANTUARIO
68000,DIRECION DEPARTAMERNTAL DE SANTANDER
68001,DIRECCION MUNICIPAL DE SALUD DE BUCARAMANGA
68013,DIRECCION MUNICIPAL DE SALUD DE AGUADA
68020,DIRECCION MUNICIPAL DE SALUD DE ALBANIA SANTANDER
68051,DIRECCION MUNICIPAL DE SALUD DE ARATOCA
68077,DIRECCION MUNICIPAL DE SALUD DE BARBOSA
68079,DIRECCION MUNICIPAL DE SALUD DE BARICHARA
68081,DIRECCION MUNICIPAL DE SALUD DE BARRANCABERMEJA
68092,DIRECCION MUNICIPAL DE SALUD DE BETULIA
68101,DIRECCION MUNICIPAL DE SALUD DE BOLIVAR
68121,DIRECCION MUNICIPAL DE SALUD DE CABRERA
68132,DIRECCION MUNICIPAL DE SALUD DE CALIFORNIA
68147,DIRECCION MUNICIPAL DE SALUD DE CAPITANEJO
68152,DIRECCION MUNICIPAL DE SALUD DE CARCASI
68160,DIRECCION MUNICIPAL DE SALUD DE CEPITA
68162,DIRECCION MUNICIPAL DE SALUD DE CERRITO
68167,DIRECCION MUNICIPAL DE SALUD DE CHARALA
68169,DIRECCION MUNICIPAL DE SALUD DE CHARTA
68176,DIRECCION MUNICIPAL DE SALUD DE CHIMA
68179,DIRECCION MUNICIPAL DE SALUD DE CHIPATA
68190,DIRECCION MUNICIPAL DE SALUD DE CIMITARRA
68207,DIRECCION MUNICIPAL DE SALUD DE CONCEPCION
68209,DIRECCION MUNICIPAL DE SALUD DE CONFINES
68211,DIRECCION MUNICIPAL DE SALUD DE CONTRATACION
68217,DIRECCION MUNICIPAL DE SALUD DE COROMORO
68229,DIRECCION MUNICIPAL DE SALUD DE CURITI
68235,DIRECCION MUNICIPAL DE SALUD DE EL CARMEN DE CHUCURI
68245,DIRECCION MUNICIPAL DE SALUD DE EL GUACAMAYO
68250,DIRECCION MUNICIPAL DE SALUD DE EL PEÑON
68255,DIRECCION MUNICIPAL DE SALUD DE EL PLAYON
68264,DIRECCION MUNICIPAL DE SALUD DE ENCINO
68266,DIRECCION MUNICIPAL DE SALUD DE ENCISO
68271,DIRECCION MUNICIPAL DE SALUD DE EL FLORIAN
68276,DIRECCION MUNICIPAL DE SALUD DE FLORIDABLANCA
68296,DIRECCION MUNICIPAL DE SALUD DE GALAN
68298,DIRECCION MUNICIPAL DE SALUD DE GAMBITA
68307,DIRECCION MUNICIPAL DE SALUD DE GIRON
68318,DIRECCION MUNICIPAL DE SALUD DE GUACA
68320,DIRECCION MUNICIPAL DE SALUD DE GUADALUPE
68322,DIRECCION MUNICIPAL DE SALUD DE GUAPOTA
68324,DIRECCION MUNICIPAL DE SALUD DE GUAVATA
68327,DIRECCION MUNICIPAL DE SALUD DE GUEPSA
68344,DIRECCION MUNICIPAL DE SALUD DE HATO
68368,DIRECCION MUNICIPAL DE SALUD DE JESUS MARIA
68370,DIRECCION MUNICIPAL DE SALUD DE JORDAN
68377,DIRECCION MUNICIPAL DE SALUD DE LA BELLEZA
68385,DIRECCION MUNICIPAL DE SALUD DE LANDAZURI
68397,DIRECCION MUNICIPAL DE SALUD DE LA PAZ
68406,DIRECCION MUNICIPAL DE SALUD DE LEBRIJA
68418,DIRECCION MUNICIPAL DE SALUD DE LOS SANTOS
68425,DIRECCION MUNICIPAL DE SALUD DE MACARAVITA
68432,DIRECCION MUNICIPAL DE SALUD DE MALAGA
68444,DIRECCION MUNICIPAL DE SALUD DE MATANZA
68464,DIRECCION MUNICIPAL DE SALUD DE MOGOTES
68468,DIRECCION MUNICIPAL DE SALUD DE MOLAGAVITA
68498,DIRECCION MUNICIPAL DE SALUD DE OCAMONTE
68500,DIRECCION MUNICIPAL DE SALUD DE OIBA
68502,DIRECCION MUNICIPAL DE SALUD DE ONZAGA
68522,DIRECCION MUNICIPAL DE SALUD DE PALMAR
68524,DIRECCION MUNICIPAL DE SALUD DE PALMAS DEL SOCORRO
68533,DIRECCION MUNICIPAL DE SALUD DE PARAMO
68547,DIRECCION MUNICIPAL DE SALUD DE PIEDECUESTA
68549,DIRECCION MUNICIPAL DE SALUD DE PINCHOTE
68572,DIRECCION MUNICIPAL DE SALUD DE PUENTE NACIONAL
68573,DIRECCION MUNICIPAL DE SALUD DE PUERTO PARRA
68575,DIRECCION MUNICIPAL DE SALUD DE PUERTO WILCHES
68615,DIRECCION MUNICIPAL DE SALUD DE RIONEGRO
68655,DIRECCION MUNICIPAL DE SALUD DE SABANA DE TORRES
68669,DIRECCION MUNICIPAL DE SALUD DE SAN ANDRES
68673,DIRECCION MUNICIPAL DE SALUD DE SAN BENITO
68679,DIRECCION MUNICIPAL DE SALUD DE SAN GIL
68682,DIRECCION MUNICIPAL DE SALUD DE SAN JOAQUIN
68684,DIRECCION MUNICIPAL DE SALUD DE SAN JOSE DE MIRANDA
68686,DIRECCION MUNICIPAL DE SALUD DE SAN MIGUEL
68689,DIRECCION MUNICIPAL DE SALUD DE SAN VICENTE DE CHUCURI
68705,DIRECCION MUNICIPAL DE SALUD DE SANTA BARBARA
68720,DIRECCION MUNICIPAL DE SALUD DE SANTA HELENA DEL OPON
68745,DIRECCION MUNICIPAL DE SALUD DE SIMACOTA
68755,DIRECCION MUNICIPAL DE SALUD DE SOCORRO
68770,DIRECCION MUNICIPAL DE SALUD DE SUAITA
68773,DIRECCION MUNICIPAL DE SALUD DE SUCRE
68780,DIRECCION MUNICIPAL DE SALUD DE SURATA
68820,DIRECCION MUNICIPAL DE SALUD DE TONA
68855,DIRECCION MUNICIPAL DE SALUD DE VALLE SAN JOSE
68861,DIRECCION MUNICIPAL DE SALUD DE VELEZ
68867,DIRECCION MUNICIPAL DE SALUD DE VETAS
68872,DIRECCION MUNICIPAL DE SALUD DE VILLANUEVA
68895,DIRECCION MUNICIPAL DE SALUD DE ZAPATOCA
70000,DIRECCION DEPARTAMENTAL DE SUCRE
70001,DIRECCION MUNICIPAL DE SALUD DE SINCELEJO
70110,DIRECCION MUNICIPAL DE SALUD DE BUENAVISTA
70124,DIRECCION MUNICIPAL DE SALUD DE CAIMITO
70204,DIRECCION MUNICIPAL DE SALUD DE COLOSO
70215,DIRECCION MUNICIPAL DE SALUD DE COROZAL
70221,DIRECCION MUNICIPAL DE SALUD DE COVEÑAS
70230,DIRECCION MUNICIPAL DE SALUD DE CHALAN
70233,DIRECCION MUNICIPAL DE SALUD DE EL ROBLE
70235,DIRECCION MUNICIPAL DE SALUD DE GALERAS
70265,DIRECCION MUNICIPAL DE SALUD DE GUARANDA
70400,DIRECCION MUNICIPAL DE SALUD DE LA UNION
70418,DIRECCION MUNICIPAL DE SALUD DE LOS PALMITOS
70429,DIRECCION MUNICIPAL DE SALUD DE MAJAGUAL
70473,DIRECCION MUNICIPAL DE SALUD DE MORROA
70508,DIRECCION MUNICIPAL DE SALUD DE OVEJAS
70523,DIRECCION MUNICIPAL DE SALUD DE PALMITO
70670,DIRECCION MUNICIPAL DE SALUD DE SAMPUES
70678,DIRECCION MUNICIPAL DE SALUD DE SAN BENITO ABAD
70702,DIRECCION MUNICIPAL DE SALUD DE SAN JUAN BETULIA
70708,DIRECCION MUNICIPAL DE SALUD DE SAN MARCOS
70713,DIRECCION MUNICIPAL DE SALUD DE SAN ONOFRE
70717,DIRECCION MUNICIPAL DE SALUD DE SAN PEDRO
70742,DIRECCION MUNICIPAL DE SALUD DE SINCE
70771,DIRECCION MUNICIPAL DE SALUD DE SUCRE
70820,DIRECCION MUNICIPAL DE SALUD DE SANTIAGO DE TOLU
70823,DIRECCION MUNICIPAL DE SALUD DE TOLU VIEJO
73000,DIRECION DEPARTAMENTAL DE TOLIMA
73001,DIRECCION MUNICIPAL DE IBAGUE
73024,DIRECCION MUNICIPAL DE SALUD DE ALPUJARRA
73026,DIRECCION MUNICIPAL DE SALUD DE ALVARADO
73030,DIRECCION MUNICIPAL DE SALUD DE AMBALEMA
73043,DIRECCION MUNICIPAL DE SALUD DE ANZOATEGUI
73055,DIRECCION MUNICIPAL DE SALUD DE ARMERO
73067,DIRECCION MUNICIPAL DE SALUD DE ATACO
73124,DIRECCION MUNICIPAL DE SALUD DE CAJAMARCA
73148,DIRECCION MUNICIPAL DE SALUD DE CARMEN APICALA
73152,DIRECCION MUNICIPAL DE SALUD DE CASABIANCA
73168,DIRECCION MUNICIPAL DE SALUD DE CHAPARRAL
73200,DIRECCION MUNICIPAL DE SALUD DE COELLO
73217,DIRECCION MUNICIPAL DE SALUD DE COYAIMA
73226,DIRECCION MUNICIPAL DE SALUD DE CUNDAY
73236,DIRECCION MUNICIPAL DE SALUD DE DOLORES
73268,DIRECCION MUNICIPAL DE SALUD DE ESPINAL
73270,DIRECCION MUNICIPAL DE SALUD DE FALAN
73275,DIRECCION MUNICIPAL DE SALUD DE FLANDES
73283,DIRECCION MUNICIPAL DE SALUD DE FRESNO
73319,DIRECCION MUNICIPAL DE SALUD DE GUAMO
73347,DIRECCION MUNICIPAL DE SALUD DE HERVEO
73349,DIRECCION MUNICIPAL DE SALUD DE HONDA
73352,DIRECCION MUNICIPAL DE SALUD DE ICONONZO
73408,DIRECCION MUNICIPAL DE SALUD DE LERIDA
73411,DIRECCION MUNICIPAL DE SALUD DE LIBANO
73443,DIRECCION MUNICIPAL DE SALUD DE MARIQUITA
73449,DIRECCION MUNICIPAL DE SALUD DE MELGAR
73461,DIRECCION MUNICIPAL DE SALUD DE MURILLO
73483,DIRECCION MUNICIPAL DE SALUD DE NATAGAIMA
73504,DIRECCION MUNICIPAL DE SALUD DE ORTEGA
73520,DIRECCION MUNICIPAL DE SALUD DE PALOCABILDO
73547,DIRECCION MUNICIPAL DE SALUD DE PIEDRAS
73555,DIRECCION MUNICIPAL DE SALUD DE PLANADAS
73563,DIRECCION MUNICIPAL DE SALUD DE PRADO
73585,DIRECCION MUNICIPAL DE SALUD DE PURIFICACION
73616,DIRECCION MUNICIPAL DE SALUD DE RIOBLANCO
73622,DIRECCION MUNICIPAL DE SALUD DE RONCESVALLES
73624,DIRECCION MUNICIPAL DE SALUD DE ROVIRA
73671,DIRECCION MUNICIPAL DE SALUD DE SALDAÑA
73675,DIRECCION MUNICIPAL DE SALUD DE SAN ANTONIO
73678,DIRECCION MUNICIPAL DE SALUD DE SAN LUIS
73686,DIRECCION MUNICIPAL DE SALUD DE SANTA ISABEL
73770,DIRECCION MUNICIPAL DE SALUD DE SUAREZ
73854,DIRECCION MUNICIPAL DE SALUD DE VALLE DE SAN JUAN
73861,DIRECCION MUNICIPAL DE SALUD DE VENADILLO
73870,DIRECCION MUNICIPAL DE SALUD DE VILLAHERMOSA
73873,DIRECCION MUNICIPAL DE SALUD DE VILLARRICA
76000,DIRECCION DEPARTAMENTAL DEL VALLE DEL CAUCA
76001,SECRETARIA DE SALUD MUNICIPAL DE CALI
76020,DIRECCION MUNICIPAL DE SALUD DE ALCALA
76036,DIRECCION MUNICIPAL DE SALUD DE ANDALUCIA
76041,DIRECCION MUNICIPAL DE SALUD DE ANSERMANUEVO
76054,DIRECCION MUNICIPAL DE SALUD DE ARGELIA
76100,DIRECCION MUNICIPAL DE SALUD DE BOLIVAR
76109,DIRECCION MUNICIPAL DE SALUD DE BUENAVENTURA
76111,DIRECCION MUNICIPAL DE SALUD DE GUADALAJARA DE BUGA
76113,DIRECCION MUNICIPAL DE SALUD DE BUGALAGRANDE
76122,DIRECCION MUNICIPAL DE SALUD DE CAICEDONIA
76126,DIRECCION MUNICIPAL DE SALUD DE CALIMA
76130,DIRECCION MUNICIPAL DE SALUD DE CANDELARIA
76147,DIRECCION MUNICIPAL DE SALUD DE CARTAGO
76233,DIRECCION MUNICIPAL DE SALUD DE DAGUA
76243,DIRECCION MUNICIPAL DE SALUD DE EL AGUILA
76246,DIRECCION MUNICIPAL DE SALUD DE EL CAIRO
76248,DIRECCION MUNICIPAL DE SALUD DE EL CERRITO
76250,DIRECCION MUNICIPAL DE SALUD DE EL DOVIO
76275,DIRECCION MUNICIPAL DE SALUD DE FLORIDA
76306,DIRECCION MUNICIPAL DE SALUD DE GINEBRA
76318,DIRECCION MUNICIPAL DE SALUD DE GUACARI
76364,DIRECCION MUNICIPAL DE SALUD DE JAMUNDI
76377,DIRECCION MUNICIPAL DE SALUD DE LA CUMBRE
76400,DIRECCION MUNICIPAL DE SALUD DE LA UNION
76403,DIRECCION MUNICIPAL DE SALUD DE LA VICTORIA
76497,DIRECCION MUNICIPAL DE SALUD DE OBANDO
76520,DIRECCION MUNICIPAL DE SALUD DE PALMIRA
76563,DIRECCION MUNICIPAL DE SALUD DE PRADERA
76606,DIRECCION MUNICIPAL DE SALUD DE RESTREPO
76616,DIRECCION MUNICIPAL DE SALUD DE RIOFRIO
76622,DIRECCION MUNICIPAL DE SALUD DE ROLDANILLO
76670,DIRECCION MUNICIPAL DE SALUD DE SAN PEDRO
76736,DIRECCION MUNICIPAL DE SALUD DE SEVILLA
76823,DIRECCION MUNICIPAL DE SALUD DE TORO
76828,DIRECCION MUNICIPAL DE SALUD DE TRUJILLO
76834,DIRECCION MUNICIPAL DE SALUD DE TULUA
76845,DIRECCION MUNICIPAL DE SALUD DE ULLOA
76863,DIRECCION MUNICIPAL DE SALUD DE VERSALLES
76869,DIRECCION MUNICIPAL DE SALUD DE VIJES
76890,DIRECCION MUNICIPAL DE SALUD DE YOTOCO
76892,DIRECCION MUNICIPAL DE SALUD DE YUMBO
76895,DIRECCION MUNICIPAL DE SALUD DE ZARZAL
81000,DIRECCION DEPARTAMENTAL DE ARAUCA
81001,DIRECCION MUNICIPAL DE SALUD DE ARAUCA
81065,DIRECCION MUNICIPAL DE SALUD DE ARAUQUITA
81220,DIRECCION MUNICIPAL DE SALUD DE CRAVO NORTE
81300,DIRECCION MUNICIPAL DE SALUD DE FORTUL
81591,DIRECCION MUNICIPAL DE SALUD DE PUERTO RONDON
81736,DIRECCION MUNICIPAL DE SALUD DE SARAVENA
81794,DIRECCION MUNICIPAL DE SALUD DE TAME
85000,DIRECCION DEPARTAMENTAL DE CASANARE
85001,DIRECCION MUNICIPAL DE SALUD DE YOPAL
85010,DIRECCION MUNICIPAL DE SALUD DE AGUAZUL
85015,DIRECCION MUNICIPAL DE SALUD DE CHAMEZA
85125,DIRECCION MUNICIPAL DE SALUD DE HATO COROZAL
85136,DIRECCION MUNICIPAL DE SALUD DE LA SALINA
85139,DIRECCION MUNICIPAL DE SALUD DE MANI
85162,DIRECCION MUNICIPAL DE SALUD DE MONTERREY
85225,DIRECCION MUNICIPAL DE SALUD DE NUNCHIA
85230,DIRECCION MUNICIPAL DE SALUD DE OROCUE
85250,DIRECCION MUNICIPAL DE SALUD DE PAZ DE ARIPORO
85263,DIRECCION MUNICIPAL DE SALUD DE PORE
85279,DIRECCION MUNICIPAL DE SALUD DE RECETOR
85300,DIRECCION MUNICIPAL DE SALUD DE SABANALARGA
85315,DIRECCION MUNICIPAL DE SALUD DE SACAMA
85325,DIRECCION MUNICIPAL DE SALUD DE SAN LUIS DE PALENQUE
85400,DIRECCION MUNICIPAL DE SALUD DE TAMARA
85410,DIRECCION MUNICIPAL DE SALUD DE TAURAMENA
85430,DIRECCION MUNICIPAL DE SALUD DE TRINIDAD
85440,DIRECCION MUNICIPAL DE SALUD DE VILLANUEVA
86000,DIRECCION DEPARTAMENTAL DE PUTUMAYO
86001,DIRECCION MUNICIPAL DE SALUD DE MOCOA
86219,DIRECCION MUNICIPAL DE SALUD DE COLON
86320,DIRECCION MUNICIPAL DE SALUD DE ORITO
86568,DIRECCION MUNICIPAL DE SALUD DE PUERTO ASIS
86569,DIRECCION MUNICIPAL DE SALUD DE PUERTO CAICEDO
86571,DIRECCION MUNICIPAL DE SALUD DE PUERTO GUZMAN
86573,DIRECCION MUNICIPAL DE SALUD DE LEGUIZAMO
86749,DIRECCION MUNICIPAL DE SALUD DE SIBUNDOY
86755,DIRECCION MUNICIPAL DE SALUD DE SAN FRANCISCO
86757,DIRECCION MUNICIPAL DE SALUD DE SAN MIGUEL DE SEMA
86760,DIRECCION MUNICIPAL DE SALUD DE SANTIAGO
86865,DIRECCION MUNICIPAL DE SALUD DE VALLE DEL GUAMUEZ- LA HORMIGA
86885,DIRECCION MUNICIPAL DE SALUD DE VILLAGARZON
88000,SECRETARIA DEPARTAMENTAL DE SAN ANDRES
88001,DIRECCION MUNICIPAL DE SALUD DE SAN ANDRES
88564,DIRECCION MUNICIPAL DE SALUD DE PROVIDENCIA Y SANTA CATALINA
91000,DIRECCION DEPARTAMENTAL DE AMAZONAS
91001,DIRECCION MUNICIPAL DE SALUD DE LETICIA
91263,DIRECCION MUNICIPAL DE SALUD DE EL ENCANTO
91405,DIRECCION MUNICIPAL DE SALUD DE LA CHORRERA
91407,DIRECCION MUNICIPAL DE SALUD DE LA PEDRERA
91430,DIRECCION MUNICIPAL DE SALUD DE LA VICTORIA
91460,DIRECCION MUNICIPAL DE SALUD DE MIRITIPARANA
91530,DIRECCION MUNICIPAL DE SALUD DE PUERTO ALEGRIA
91536,DIRECCION MUNICIPAL DE SALUD DE PUERTO ARICA
91540,DIRECCION MUNICIPAL DE SALUD DE PUERTO NARIÑO
91669,DIRECCION MUNICIPAL DE SALUD DE PUERTO SANTANDER
91798,DIRECCION MUNICIPAL DE SALUD DE TARAPACA
94000,DIRECCION DEPARTAMENTAL DE GUAINIA
94001,DIRECCION MUNICIPAL DE SALUD DE INIRIDA
94343,DIRECCION MUNICIPAL DE SALUD DE BARRANCO MINA
94663,DIRECCION MUNICIPAL DE SALUD DE MAPIRIPANA
94883,DIRECCION MUNICIPAL DE SALUD DE SAN FELIPE
94884,DIRECCION MUNICIPAL DE SALUD DE PUERTO COLOMBIA
94885,DIRECCION MUNICIPAL DE SALUD DE LA GUADALUPE
94886,DIRECCION MUNICIPAL DE SALUD DE CACAHUAL
94887,DIRECCION MUNICIPAL DE SALUD DE PANA PANA
94888,DIRECCION MUNICIPAL DE SALUD DE MORICHAL
95000,DIRECCION DEPARTAMENTAL DE GUAVIARE
95001,DIRECCION MUNICIPAL DE SALUD DE SAN JOSE DEL GUAVIARE
95015,DIRECCION MUNICIPAL DE SALUD DE CALAMAR
95025,DIRECCION MUNICIPAL DE SALUD DE EL RETORNO
95200,DIRECCION MUNICIPAL DE SALUD DE MIRAFLORES
97000,DIRECCION DEPARTAMENTAL DE VAUPES
97001,DIRECCION MUNICIPAL DE SALUD DE MITU
97161,DIRECCION MUNICIPAL DE SALUD DE CARURU
97511,DIRECCION MUNICIPAL DE SALUD DE PACOA
97666,DIRECCION MUNICIPAL DE SALUD DE TARAIRA
97777,DIRECCION MUNICIPAL DE SALUD DE PAPUNAHUA
97889,DIRECCION MUNICIPAL DE SALUD DE YAVARATE
99000,DIRECCION DEPARTAMENTAL DE VICHADA
99001,DIRECCION MUNICIPAL DE SALUD DE PUERTO CARREÑO
99524,DIRECCION MUNICIPAL DE SALUD DE LA PRIMAVERA
99624,DIRECCION MUNICIPAL DE SALUD DE SANTA ROSALIA
99773,DIRECCION MUNICIPAL DE SALUD DE CUMARIBO
ARL001,ARL POSITIVA
ARL002,SEGUROS BOLIVAR
ARL003,SEGUROS DE VIDA AURORA SA
ARL004,LIBERTY SEGUROS DE VIDA
ARL005,MAPFRE COLOMBIA VIDA SEGUROS SA
ARL006,RIESGOS LABORALES COLMENA
ARL007,SEGUROS DE VIDA ALFA
ARL008,SEGUROS DE VIDA COLPATRIA S.A.
ARL009,SEGUROS DE VIDA LA EQUIDAD ORGANISMO C.
ARL010,SURA - CIA. SURAMERICANA DE SEGUROS DE VIDA
ARP020,ROYAL & SUNALLIANCE
ARP026,ASEG BBVA GANADERO SA
AT1333,ASEG LIBERTY SEGUROS SA
CCF001,CAJA DE COMPENSACION FAMILIAR CAMACOL COMFAMILIAR CAMACOL
CCF002,CAJA DE COMPENSACION FAMILIAR DE ANTIOQUIA UCOMFAMAO
CCF004,CAJA DE COMPENSACION FAMILIAR DE ARAUCA (COMFIAR)
CCF005,CAJA DE COMPENSACION FAMILIAR DE BARRANQUILLA (COMBARRANQUILLA)
CCF006,CAJA DE COMPENSANCION FAMILIAR COMFAMILIAR DEL ATLANTICO
CCF007,CAJA DE COMPENSACION FAMILIAR DE CARTAGENA Y BOLIVAR COMFAMILIAR
CCF008,CAJA DE COMPENSANCION FAMILIAR DE FENALCO ANDI COMFENALCO CARTAGENA
CCF009,CAJA DE COMPENSACION FAMILIAR DE BOYACA UCOMFABOYO
CCF010,CAJA DE COMPENSACION FAMILIAR DE LA DORADA (COMFAMILIAR)
CCF011,CAJA DE COMPENSACION FAMILIAR DE CALDAS (COMFAMILIARES)
CCF012,CAJA DE COMPENSACION FAMILIAR DEL CAQUETA (COMFACA)
CCF013,CAJA DE COMPENSACION FAMILIAR DEL CESAR (COMFACESAR)
CCF014,CAJA DE COMPENSACION FAMILIAR DEL CAUCA (COMFACAUCA)
CCF015,CAJA DE COMPENSACION FAMILIAR DE CORDOBA UCOMFACORO
CCF016,CAJA DE COMPENSACION FAMILIAR ASEGURADORES
CCF017,CAJA DE COMPENSACION FAMILIAR ASFAMILIAS
CCF018,CAJA DE COMPENSACION FAMILIAR UCAFAMO
CCF019,CAJA DE COMPENSACION FAMILIAR COLSUBSIDIO
CCF020,CAJA DE COMPENSACION FAMILIAR CAMPESINA
CCF021,CAJA DE COMPENSACION FAMILIAR DE CUNDINAMARCA COMFACUNDI
CCF022,CAJA DE COMPENSACION FAMILIAR COMPENSAR
CCF023,CAJA DE COMPENSACION FAMILIAR DE LA GUAJIRA COMFAGUAJIRA
CCF024,CAJA DE COMPENSACION FAMILIAR DEL HUILA UCOMFAMILIAR HUILAO
CCF025,CAJA DE COMPENSACION FAMILIAR DE MAGDALENA
CCF026,CAJA DE COMPENSACION FAMILIAR REGIONAL DEL META COFREM
CCF027,CAJA DE COMPENSACION FAMILIAR DE NARIÑO
CCF028,CAJA DE COMPENSACION FAMILIAR DE FENALCO COMFENALCO QUINDIO
CCF029,CAJA DE COMPENSACION FAMILIAR DE RISARALDA COMFAMILIAR RISARALDA
CCF030,CAJA DE COMPENSACION FAMILIAR DE LA CAMARA DE COMERCIO DE SAN ANDRES Y PROVIDENCIA ISLAS CAJASAI
CCF031,CAJA SANTANDEREANA DE SUBSIDIO FAMILIAR - CAJASAN
CCF032,CAJA DE COMPENSACION FAMILIAR COMFENALCO SANTANDER
CCF033,CAJA DE COMPENSACION FAMILIAR DE SUCRE
CCF034,CAJA DE COMPENSACION FAMILIAR DEL SUR DEL TOLIMA CAFASUR
CCF035,CAJA DE COMPENSACION FAMILIAR DE BARRANCABERMEJA
CCF036,CAJA DE COMPENSACION FAMILIAR DEL TOLIMA COMFATOLIMA
CCF037,CAJA DE COMPENSACION FAMILIAR DE FENALCO DE TOLIMA COMFENALCO
CCF038,CAJA DE COMPENSACION FAMILIAR COMFAMILIAR BUENAVENTURA
CCF039,CAJA DE COMPENSACION FAMILIAR DE BUGA
CCF040,CAJA DE COMPENSACION FAMILIAR DE CARTAGO COMFACARTAGO
CCF041,CAJA DE COMPENSACION FAMILIAR DEL VALLE DEL CAUCA COMFAMILIAR ANDI
CCF042,CAJA DE COMPENSACION FAMILIAR COMFAMILIARES UNIDAS DEL VALLE 'COMFAUNION
CCF043,CAJA DE COMPENSACION FAMILIAR DE FENALCO COMFENALCO BUGA
CCF045,CAJA DE COMPENSACION FAMILIAR DEL NORTE DE SANTANDER COMFANORTE
CCF046,CAJA DE COMPENSACION FAMILIAR DE ACOPI BARRANQUILLA
CCF047,CAJA DE COMPENSACION FAMILIAR INDUFAMILIAR
CCF048,CAJA DE COMPENSACION FAMILIAR ACOPI COMFACOPI
CCF049,CAJA DE COMPENSACION FAMILIAR DEL ORIENTE COLOMBIANO UCOMFAORIENTEO
CCF050,CAJA DE COMPENSACION FAMILIAR DEL ORIENTE COLOMBIANO COMFAORIENTE
CCF053,CAJA DE COMPENSACION FAMILIAR DE CUNDINAMARCA COMFACUNDI
CCF054,CAJA DE COMPENSACION FAMILIAR DE FENALCO COMFENALCO CUNDINAMARCA
CCF055,CAJA DE COMPENSACION FAMILIAR CAJACOPI ATLANTICO
CCF101,CAJA COLOMBIANA DE SUBSIDIO FAMILIAR COLSUBSIDIO
CCF102,CAJA DE COMPENSACION FAMILIAR DEL CHOCO
CCF103,COMFACA
CCFC07,CAJA DE COMPENSACION FAMILIAR DE CARTAGENA Y BOLIVAR COMFAMILIAR
CCFC09,CAJA DE COMPENSACION FAMILIAR DE BOYACA UCOMFABOYO
CCFC10,CAJA COLOMBIANA DE SUBSIDIO FAMILIAR COLSUBSIDIO
CCFC15,CAJA DE COMPENSACION FAMILIAR DE CORDOBA UCOMFACORO
CCFC18,CAJA DE COMPENSACION FAMILIAR UCAFAMO
CCFC20,CAJA DE COMPENSACION FAMILIAR DEL CHOCO
CCFC23,CAJA DE COMPENSACION FAMILIAR DE LA GUAJIRA COMFAGUAJIRA
CCFC24,CAJA DE COMPENSACION FAMILIAR DEL HUILA UCOMFAMILIAR HUILAO
CCFC27,CAJA DE COMPENSACION FAMILIAR DE NARIÑO
CCFC33,CAJA DE COMPENSACION FAMILIAR DE SUCRE
CCFC50,CAJA DE COMPENSACION FAMILIAR DEL ORIENTE COLOMBIANO COMFAORIENTE
CCFC53,CAJA DE COMPENSACION FAMILIAR DE CUNDINAMARCA COMFACUNDI
CCFC55,CAJA DE COMPENSACION FAMILIAR CAJACOPI ATLANTICO
CCFCO2,CAJA DE COMPENSACION FAMILIAR DE ANTIOQUIA -COMFAMA - SAVIA SALUD EPS CONTRIBUTIVO
EAS001,EAS EAS CAJA DE PREV SOC DE NARINO
EAS002,EAS EAS CAJA DE PREV SOC DE LA UNIVERSIDAD INDUSTRIAL DE SANTANDER
EAS003,EAS EAS CAJA DE PREV SOC MUNICIPAL DE BUCARAMANGA
EAS004,EASCORPOPRACION ELECTRICA DE LA COSTA CARIBE  SERVICIO DE SALUD
EAS005,EAS UNIVERSIDAD DE ANTIOQUIA DIVISION DE SALUD
EAS006,EAS DIVISION DE SALUD DE LA UNIVERSIDAD DE ANTIOQUIA
EAS007,EAS EAS CAJA DE PREV SOC MUNICIPAL DE IBAGUE
EAS009,EAS EAS CAJA DE PREV SOC DEL DEPARTAMENTO DE ARAUCA
EAS010,EAS SERVICIO DE SALUD DE LA CORPORACION AUTONOMA REGIONAL DEL VALLE DEL CAUCA
EAS011,EAS SERVICIO MEDICO UNIVERSIDAD DE CALDAS
EAS012,EAS DEPARTAMENTO MEDICO Y ODONTOLOGICO MUNICIPIO DE MEDELLIN
EAS013,EAS DIVISION DE SERVICIO MEDICO DEL MUNICIPIO DE SANTIAGO DE CALI
EAS014,EAS CAJA DE PREV SOC DEPARTAMENTAL DEL CAUCA
EAS015,EAS CAJA DE PREV SOC DE BOYACA
EAS016,EMPRESAS PUBLICAS DE MEDELLIN E.S.P. - EE.PP.M
EAS017,EAS CAJA DE PREV SOC DE LA SUPERINTENDENCIA BANCARIA
EAS018,EAS CAJA DEPARTAMENTAL DE PREVISION DE NORTE DE SANTANDER
EAS019,EAS CAJA DE PREVISION SOCIAL DE LA SUPERINTENDENCIA BANCARIA
EAS020,EAS CAJA DE PREV SOC DE LA UNIVERSIDAD TECNOLOGICA DEL CHOCO
EAS021,EAS CAJA DE PREV SOC DE LA UNIVERSIDAD NACIONAL
EAS022,EAS INST COL DE LA REFORMA AGRARIA PROG SMA
EAS024,EAS SERVICIO MEDICO DE LA UNIVERSIDAD DEL VALLE
EAS025,EAS FONDO DE SALUD DE LA UNIVERSIDAD DE CORDOBA
EAS026,EAS FONDO PRESTACIONAL DE LA UNIVERSIDAD DE NARINO
EAS027,FONDO DE PASIVO SOCIAL DE FERROCARRILES NACIONALES DE COLOMBIA
EAS029,EAS EMPRESA ACUEDUCTO Y ALCANTARILLADO DE BOGOTA SM
EAS030,EAS CAJA DE PREV SOC DE LA UNIVERSIDAD DE CARTAGENA
EMP002,MEDPLUS MEDICINA PREPAGADA S.A.
EMP005,EMP SALUD COOMEVA
EMP012,EMP HUMANA S A
EMP014,EMP MEDISALUD
EMP015,MEDISANITAS S A COMPAÑIA DE MEDICINA PREPAGADA
EMP017,COLMEDICA MEDICINA PREPAGADA S A
EMP019,EMP SALUD COLPATRIA S. A.
EMP021,EPS Y MEDICINA PREPAGADA SURAMERICANA S.A.
EMP022,VIVIR S.A. MEDICINA PREPAGADA
EMP023,COMPAÑIA DE MEDICINA PREPAGADA COLSANITAS S.A.
EMP024,SERVICIO DE SALUD INMEDIATO MEDICINA PREPAGADA S.A.
EMP025,PLAN U.H.C.M. MEDICINA PREPAGADA COMFENALCO VALLE
EMP028,COOMEVA MEDICINA PREPAGADA S.A.
EMP029,AXA COLPATRIA MEDICINA PREPAGADA S.A.
EMPT01,EMP SALUD COLPATRIA S.A.
EPS001,ALIANSALUD
EPS002,SALUD TOTAL EPS-S S.A.
EPS003,CAFESALUD ENTIDAD PROMOTORA DE SALUD S.A. - CAFESALUD EPS S.A.
EPS004,EPS BONSALUD SA
EPS005,ENTIDAD PROMOTORA DE SALUD SANITAS S.A. - E.P.S. SANITAS S.A.
EPS006,INSTITUTO DE SEGUROS SOCIALES ENTIDAD PROMOTORA DE SALUD EN LIQUIDACION
EPS007,EPS UNIMEC SA
EPS008,CAJA COMPENSACION FAMILIAR COMPENSAR
EPS009,CAJA DE COMPENSACION FAMILIAR UCOMFENALCO ANTIOQUIAO
EPS010,EPS Y MEDICINA PREPAGADA SURAMERICANA S.A.
EPS011,EPS COLSEGUROS
EPS012,EPS COMFENALCO VALLE
EPS013,SALUDCOOP ENTIDAD PROMOTORA DE SALUD ORGANISMO COOPERATIVO SALUDCOOP
EPS014,HUMANA VIVIR S A
EPS015,SALUD COLPATRIA S.A ENTIDAD PROMOTORA DE SALUD EN LIQUIDACION - SALUD COLPATRIA S.A E.P.S
EPS016,COOMEVA ENTIDAD PROMOTORA DE SALUD S.A. - COOMEVA  E.P.S. S.A.
EPS017,FAMISANAR LTDA. CAFAM - COLSUBSIDIO E.P.S.
EPS018,ENTIDAD PROMOTORA DE SALUD SERVICIO OCCIDENTAL DE SALUD S.A. S.O.S.
EPS019,EPS RISARALDA LTDA
EPS020,CAJA DE PREVISION SOCIAL DE COMUNICACIONES UCAPRECOMO
EPS021,EPS CORPORANONIMAS EN LIQUIDACION
EPS022,ENTIDAD PROMOTORA DE SALUD DEL REGIMEN SUBSIDIADO EPS CONVIDA
EPS023,CRUZ BLANCA ENTIDAD PROMOTORA DE SALUD S.A
EPS024,EPS CAJANAL
EPS025,CAJA DE PREVISION SOCIAL DE CASANARE - CAPRESOCA E.P.S.
EPS026,LEGAL STRATEGY SAS MANDATARIA SOLSALUD EPS LIQUIDADA
EPS027,EPS BARRANQUILLA SANA
EPS028,CALISALUD ENTIDAD PROMOTORA DE SALUD EN LIQUIDACION
EPS029,EPS DE CALDAS SA
EPS030,ENTIDAD PROMOTORA DE SALUD CONDOR S.A. -  E.P.S. CONDOR S.A
EPS031,SELVASALUD S.A. EPS-S EN LIQUIDACION FORZOSA ADMINISTRATIVA
EPS032,EPS METROPOLITANA DE SALUD
EPS033,SALUDVIDA E.P.S. S.A.
EPS034,SALUDCOLOMBIA ENTIDAD PROMOTORA DE SALUD S.A.
EPS035,RED SALUD ATENCION HUMANA E.P.S. S.A. EN LIQUIDACION
EPS037,NUEVA EMPRESA PROMOTORA DE SALUD S.A. SIGLA NUEVA EPS S.A.
EPS038,MULTIMEDICAS SALUD CON CALIDAD ENTIDAD PROMOTORA DE SALUD S A EN LIQUIDACION
EPS039,GOLDEN GROUP S.A. ENTIDAD PROMOTORA DE SALUD Y PODRA USAR LAS SIGLAS GOLDEN GROUP S.A. EPS
EPS040,ALIANZA MEDELLIN ANTIOQUIA EPS S.A.S. SAVIA SALUD
EPS044,MEDIMAS EPS SAS
EPS045,MEDIMAS EPS SAS
EPSC03,CAFESALUD EPS-- CONTRIBUTIVO
EPSC20,CAJA DE PREVISION SOCIAL DE COMUNICACIONES UCAPRECOMO
EPSC22,ENTIDAD PROMOTORA DE SALUD DEL REGIMEN SUBSIDIADO EPS CONVIDA
EPSC25,CAJA DE PREVISION SOCIAL DE CASANARE - CAPRESOCA E.P.S.
EPSC33,SALUD VIDA- CONTRIBUTIVO
EPSC34,CAPITAL SALUD ENTIDAD PROMOTORA DE SALUD DEL REGIMEN SUBSIDIADO SAS CAPITAL SALUD EPS S SAS
EPSI01,ASOCIACION DE CABILDOS INDIGENAS DEL CESAR Y LA GUAJIRA DUSAKAWI EPSI
EPSI02,ASOCIACION DE CABILDOS DEL RESGUARDO INDIGENA ZENU DE SAN ANDRES DE SOTAVENTO CORDOBA Y SUCRE MANEXKA
EPSI03,ASOCIACION INDIGENA DEL CAUCA A.I.C. EPSI
EPSI04,EMPRESA PROMOTORA DE SALUD INDIGENA ANAS WAYUU EPSI
EPSI05,ENTIDAD PROMOTORA DE SALUD MALLAMAS EPSI
EPSI06,PIJAOS SALUD EPSI
EPSIC1,ASOCIACION DE CABILDOS INDIGENAS DEL CESAR Y LA GUAJIRA DUSAKAWI EPSI
EPSIC2,ASOCIACION DE CABILDOS DEL RESGUARDO INDIGENA ZENU DE SAN ANDRES DE SOTAVENTO CORDOBA Y SUCRE MANEXKA
EPSIC3,ASOCIACION INDIGENA DEL CAUCA A.I.C. EPSI
EPSIC4,EMPRESA PROMOTORA DE SALUD INDIGENA ANAS WAYUU EPSI
EPSIC5,ENTIDAD PROMOTORA DE SALUD MALLAMAS EPSI
EPSIC6,PIJAOS SALUD EPSI
EPSM03,CAFESALUD- SUBSIDIADO
EPSM33,SALUD VIDA S.A. ENTIDAD PROMOTORA DE SALUD- SUBSIDIADO
EPSS01,ALIANSALUD ENTIDAD PROMOTORA DE SALUD S.A
EPSS02,SALUD TOTAL ENTIDAD PROMOTORA DE SALUD DEL REGIMEN CONTRIBUTIVO Y DEL REGIMEN SUBSIDIADO S.A.
EPSS03,CAFESALUD ENTIDAD PROMOTORA DE SALUD S.A. - CAFESALUD EPS S.A.
EPSS05,ENTIDAD PROMOTORA DE SALUD SANITAS S.A. - E.P.S. SANITAS S.A.
EPSS08,CAJA COMPENSACION FAMILIAR COMPENSAR
EPSS09,COMFENALCO ANTIOQUIA SUBSIDIADO
EPSS10,EPS Y MEDICINA PREPAGADA SURAMERICANA S.A.
EPSS12,COMFENALCO VALLE EPS- SUBSIDIADO
EPSS13,SALUDCOOP ENTIDAD PROMOTORA DE SALUD ORGANISMO COOPERATIVO SALUDCOOP
EPSS14,HUMANA S A EPS-S EN LIQUIDACION
EPSS16,COOMEVA EPS. S.A.- SUBSIDIADO
EPSS17,EPS FAMISANAR LTDA.- SUBSIDIADO
EPSS18,ENTIDAD PROMOTORA DE SALUD SERVICIO OCCIDENTAL DE SALUD S.A. S.O.S.
EPSS20,EPS CAPRECOM
EPSS22,EPS CONVIDA
EPSS23,CRUZ BLANCA ENTIDAD PROMOTORA DE SALUD S.A
EPSS25,CAPRESOCA
EPSS26,LEGAL STRATEGY SAS MANDATARIA SOLSALUD EPS LIQUIDADA
EPSS28,EPS CALISALUD
EPSS30,EPS CONDOR SA
EPSS31,EPS SELVASALUD SA
EPSS33,SALUDVIDA E.P.S. S.A.
EPSS34,CAPITAL SALUD ENTIDAD PROMOTORA DE SALUD DEL REGIMEN SUBSIDIADO SAS CAPITAL SALUD EPS S SAS
EPSS39,GOLDEN GROUP S.A. ENTIDAD PROMOTORA DE SALUD Y PODRA USAR LAS SIGLAS GOLDEN GROUP S.A. EPS
EPSS40,ALIANZA MEDELLIN ANTIOQUIA EPS S.A.S.
EPSS41,NUEVA EMPRESA PROMOTORA DE SALUD S.A. SIGLA NUEVA EPS S.A.
EPSS44,MEDIMAS EPS SAS
EPSS45,MEDIMAS EPS SAS
EPSSO1,ALIANSALUD ENTIDAD PROMOTORA DE SALUD S.A.- SUBSIDIADO
EPSSO2,SALUD TOTAL S.A. ENTIDAD PROMOTORA DE SALUD- SUBSIDIADO
EPST01,SAVIA SALUD EPS
ESS002,EMPRESA MUTUAL PARA EL DESARROLLO INTEGRAL DE LA SALUD E.S.S EMDISALUD E.S.S EPS-S
ESS024,COOPERATIVA EMPRESA SOLIDARIA DE SALUD Y DESARROLLO INTEGRAL UCOOSALUD E.S.S.
ESS031,ESS COESALUD LTDA
ESS032,ESS ECOSBOYACA
ESS033,ESS COOPSALUDESA LTDA
ESS034,ESS COPESAM LTDA ESS
ESS035,ESS COESPERANZA LTDA
ESS036,ESS COOPCENTRO
ESS037,ESS FAMISALUD
ESS038,ESS AAGROSALUD
ESS039,ESS ASOCIACION MUTUAL PARA LA SALUD Y DESARROLLO INTEGRAL LA ESPERANZA
ESS040,ESS MUTUALMANI LTDA
ESS041,ESS MUTUOROCUE LTDA
ESS042,ESS MUTUALPAZ LTDA
ESS043,ESS MUTUOPALENQUE LTDA
ESS044,ESS MUTUALTAURAMENA LTDA
ESS045,ESS MUTUALYOPAL LTDA
ESS046,ESS DE ARGELIA AMPEBIV
ESS047,ESS ASOCIACION MUTUAL LA NUEVA ESPERANZA
ESS048,ESS ASOCIACION MUTUAL CAMPESINA DE SALUD BOLIVAR
ESS049,ESS ASOCIACION MUTUAL DE SALUD VIDA NUEVA DE BUENOS AIRES
ESS050,ESS ASOCIACION MUTUAL CAMPESINA DE SALUD DE CAJIBIO
ESS051,ESS ASOCIACION MUTUAL LA MANO AMIGA
ESS052,ESS ASOCIACION MUTUAL SOLIDARIA DE SALUD DEL MUNICIPIO DE EL PATIA E
ESS053,ESS ASOCIACION MUTUAL LA ESPERANZA
ESS054,ESS ASOCIACION MUTUAL PROSALUD CAMPESINA MERCADERES
ESS055,ESS ASOCIACION MUTUAL VIVIR MEJOR ASMUVIME
ESS056,ESS ASOCIACION MUTUAL PIENDASALUD
ESS057,ESS ASOCIACION MUTUAL ACTIVA SALUD
ESS058,ESS COOSABFAM
ESS059,ESS ASOCIACION MUTUAL DE  SALUD DE INZA CAPITAL ARQUEOLOGICA AMSICAC
ESS060,ESS ASOCIACION MUTUAL COCONUCO PURACE
ESS061,ESS ASOCIACION MUTUAL LA SUIZA DE AMERICA
ESS062,ASOCIACION MUTUAL LA ESPERANZA UASMET SALUD E.S.S EPS S
ESS063,ESS ASOCIACION MUTUAL PARA LA SALUD DESARROLLO Y FUTURO TIMBIANO
ESS064,ESS ASOCIACION MUTUAL NUEVO HORIZONTE DE TIMBIQUI
ESS065,ESS COOPERATIVA LA NUEVA ESPERANZA DE CURUMANI
ESS066,ESS ASOCIACION MUTUAL ESS JAGUA DE IBIRICO ASOM
ESS067,ESS ASOCIACION MUTUAL SOLIDARIAS DE SALUD DE VALLEDUPAR
ESS068,ESS ASOCIACION SOLIDARIA DE SALUD DE ASTREA
ESS069,ESS ASOCIACION ALCIDES FERNANDEZ ESS DE ACANDI
ESS070,ESS ASOCIACION PLAYAS DEL PACIFICO ESS
ESS071,ESS ASOCIACION MUTUAL EL REVIVIR BAJO BAUDO
ESS072,ESS ASOCIACION AVANCEMOS ESS DE BOJAYA
ESS073,ESS ASOCIACION DE SALUD CARMELEÑA ESS
ESS074,ESS ASOCIACION GOLFO DE TRIBUGA ESS
ESS075,ESS ASOCIACION MUTUAL EL BUEN VIVIR ESS RIO QUITO
ESS076,ASOCIACION MUTUAL BARRIOS UNIDOS DE QUIBDO AMBUQ EPS-S ESS
ESS077,ESS ASOCIACION MILAGRO DE DIOS
ESS078,ESS ASOCIACION UNA ESPERANZA
ESS079,ESS ASOCIACION MUTUAL LA ESPERANZA
ESS080,ESS AMBUSANBER
ESS081,ESS ASOCICICION MUTUAL SALUD DE LORICA AMUSAL
ESS082,ESS ASOCIACION MUTUAL SALUD DEL SINU AMUSS
ESS083,ESS AMUCIS
ESS084,ESS AMSOTI ESS
ESS085,ESS ECOSORIENTE
ESS086,ESS FONDOPROSEGURIDAD SOCIAL DE LOTEROS DE BOGOTA
ESS087,ESS SALUD NORTE
ESS088,ESS ECOOPSALS
ESS089,ESS A M S DE CAPARRAPI AMESSALUD
ESS090,ESS COOPSOLSA
ESS091,ENTIDAD COOPERATIVA SOLIDARIA DE SALUD ECOOPSOS ESS EPS-S
ESS092,ESS COOPESAGA LTDA
ESS093,ESS ECISS
ESS094,ESS COOPSAM
ESS095,ESS COOPDESU LTDA
ESS096,ESS ECOOPSVERGARA
ESS097,ESS ASOCIACION MUTUAL DE CHIA ESS
ESS098,ESS ASOCIACION  MUTUAL EL PORVENIR ESS DE YACOPI
ESS099,ESS ASOCIACION ESS DE MAICAO
ESS100,ESS ASOCIACION ESS DE RIOHACHA ASMUDIG
ESS101,ESS ASOCIACION GUAVIARE 2000 ESS
ESS102,ESS ASOCIACION PARA LA SALUD SOLIDARIA DE LA ARGENTINA ESS
ESS103,ESS ASOCIACION MUTUAL DE SOLIDARIDAD PLATEÑA ESS ASOMUSP
ESS104,ESS ASOCIACION MUTUAL MACIZO COLOMBIANO ESS
ESS105,ESS COOPERATIVA VILLASALUD LTDA
ESS106,ESS ASOCIACION SOLIDARIA PARA EL DESARROLLO INTEGRAL DE ARACATACA
ESS107,ESS ASOCIACION MUTUAL SOLIDARIA PARA LA SALUD Y DESARROLLO INTEGRAL DE EL PIÑON
ESS108,ESS ASOCIACION MUTUAL SOLIDARIA PARA LA SALUD Y DESARROLLO INTEGRAL PARA FUNDACION
ESS109,ESS CORSAPIVI
ESS110,ESS CORPORACION SALUD PARA PUEBLOVIEJO
ESS111,ESS AMSDE SANTA MARTA ASMUSSALUD
ESS113,ESS ASOCIACION NUEVO AMANECER ESS
ESS114,ESS ASOCIACION MUTUAL ESS CUASPUD CARLOSAMA
ESS115,ESS ASOCIACION MUTUAL ESS MALLAMAS
ESS116,ESS ASOCIACION MUTUAL DE LA CRUZ ESS
ESS117,ESS ASOCIACION MUTUAL NUEVO AMANECER DE MALLAMA ESS  AMUNA
ESS118,ASOCIACION MUTUAL EMPRESA SOLIDARIA DE SALUD EMSSANAR E.S.S
ESS119,ESS ALCATRAZ LTDA
ESS120,ESS ASOCICICION MUTUAL COOESSALUD
ESS121,ESS ASOMUSAVIH
ESS122,ESS COEESSPATIOS
ESS123,ESS COPSOSAFA
ESS124,ESS AMESS
ESS125,ESS ASOCIACION MUTUAL SOLIDARIA DE SALUD Y DESARROLLO INTEGRAL DE QUIMBAYA
ESS126,ESS BELEN
ESS127,ESS ASODISPRO
ESS128,ESS COOMULSEB  LTDA
ESS129,ESS COPESALUD LTDA
ESS130,ESS COISBU LTDA
ESS131,ESS COOFLORSALUD LTDA
ESS132,ESS COVISALUD LTDA
ESS133,COOPERATIVA DE SALUD COMUNITARIA EMPRESA PROMOTORA DE SALUD SUBSIDIADA COMPARTA EPS-S
ESS134,ESS VILLASALUD LTDA
ESS135,ESS A M S DE SABANA DE TORRES
ESS136,ESS COESAN LTDA
ESS137,ESS SALUDDAR
ESS138,ESS EMPRESA COOP SERVICIOS DE SALUD ÈCOOPSCUNDAY
ESS139,ESS EMPRESAS COOPERATIVA DEL SALUD DE EL ESPINAL
ESS140,ESS COOPERATIVA DE BUENAVENTURA COOPESALUD
ESS141,ESS ESS COOPERATIVA DE SALUD COMUTARIA DE CALI COOPSACOC
ESS142,ESS ESS COOPERATIVA DE SALUD SOLIDARIA DE LA ZONA PLANA DEL SUR
ESS143,ESS COOPERATIVA DE PALMIRA ESSALUD
ESS144,ESS COOPERATIVA DE ROLDANILLO
ESS145,ESS COOPESAC
ESS146,ESS COOPSAVER
ESS147,ESS COOPERATIVA ZARZAL
ESS148,ESS ASSAVI
ESS149,ESS ASOCIACION MUTUAL PERMANENTE DE VALENCIA AMSAP
ESS150,ESS COOPERATIVA EMPRESA SOLIDARIA DE SALUD DEL HUILA COOEMSALUD LTDA ESS
ESS151,ESS COOPERATIVA INTEGRAL ESSDOSQUEBRADAS
ESS152,ESSAC ESS
ESS153,ESSBALBOA
ESS154,ESS COOPREGIOSALUD  LTDA
ESS155,ESS ASOCIACION MUTUAL DE PLANADAS AMUPLAN
ESS156,ESS COOPERATIVA DE SALUD COMUNITARIA COOMUNISALUD
ESS157,ESS MARIA OFELIA VILLAMIZAR BUITRAGO
ESS158,ESS SANTA CLARA DE CUCUTA
ESS159,ESS PUERTO SANTANDER
ESS160,ESS COOPERATIVA MULTIACTIVA METROPOLITANA PARA LA SALUD COOMSALUD
ESS161,ESS SALAZAR LAS PALMAS
ESS162,ESS COOPERTIVA SOLIDARIA DEL MUNICIPIO DE ARAUQUITA COOPSSA
ESS163,ESS DEL TIBU
ESS164,ESS ASOCIACION DE CABILDOS DEL CONSEJO REGIONAL INDIGENA CRIT
ESS165,ESS SALUD SUBA
ESS166,ESS COPORACION DEL CARIBE SOLCARIBE
ESS167,ESS COOP ESP EN SAL EN COLOMBIA COLOMBIANA DE SALUD COLSALUD
ESS168,ESS COOPERATIVA DE SALUD TIBU COOPSATIBU ESS
ESS169,ESS ASOCIACION MUTUAL SOLIDATIA DE SALUD DE CERETE AMUCER ESS
ESS170,ESS ASOCIACION MUTUAL ESS GUAITARA DE IPIALES
ESS171,ESS EMPRESA COOPERATIVA DE SALUD DEL M/PIO DE ATACO LA ESPERANZA
ESS172,ESS COOPERATIVA EMPRESA SOLIDARIA DE SALUD DEL SUR DEL TOLIMA COEPSURT ESS
ESS173,ESS COOPERATIVA SOLIDARIA DE SALUD COOPDESA
ESS174,ESS  SALUD COLOMBIA
ESS175,ESS ASOCIACION MUTUAL ADMON REGIMEN SUBSIDIADO EN SALUD ARSSALUD
ESS176,ESS ASOCIACION MUTUAL OCAÑA PARA LA SALUD SOLIDARIA
ESS177,ESS ASOCIACION DE CABILDOS INDIGENAS DEL CESAR DUSAKAWI
ESS178,ESS ASOCIACION MUTUAL DESPERTAR ESS
ESS179,ESS ASOCIACION MUTUAL LA SIERRA ESS MUTUAL LA SIERRA
ESS182,ESS ASOCICION INDIGENA DEL CAUCA AIC
ESS183,EMPRESA ESS COOPERATIVA DE SALUD Y CALIDAD DE VIDA LTDA COOPERATIVA NACERS LTDA ESS
ESS184,ESS ASOC DE CABILDOS DE RESGUARDO IND ZENU DE SAN ANDRES DE SOTAVENTO MANEXKA
ESS185,ESS COOPERATIVA ESPECIALIZADA DE SALUD COOPREVISALUD LTDA
ESS186,ESS COOPERATIVA LA MAGDALENA LTDA ESS COOPSAMAM
ESS187,ESS ASOCIACION MUTUAL LOS ANDES AMUANDES
ESS188,EMPRESA SOLIDARIA DE SALUD PERSONALIZADA PERSALUD
ESS189,ESS COOPERATIVA ESPECIALIZADA DE SALUD DEL NORTE DE SANTANDER COORNOSALUD
ESS190,ESS ASOCIACION EMPRESA SOLIDARIA DE SALUD DE LA GUAJIRA SOLIDSALUD
ESS191,ESS COOPERATIVA GENERACION SALUD GENESALUD ESS
ESS192,EMPRESA COOPERATIVA DE SERVICIOS DE SOCIALES ECOSS
ESS193,ESS COOPERATIVA DE BIENESTAR EN SALUD ESS COOBISALUD ESS
ESS194,ESS COOP ESPEN SALUD LIMITADA COESSALUD LTDA
ESS195,ESS COOPERATIVA MULTIACTIVA DE SALUD Y DESRROLLO INTEGRAL DEL CARIBE COOPSACARIBE
ESS196,ESS COOPERATIVA INTEGRAL DE SALUD ESS COOINSALUD
ESS197,ESS COOPERATIVA EMPRESA SOLIDARIA DE SALUD ESS SALUD SARARE LTDA
ESS198,ESS COOP ESPEN SALUD PARA LA FAMILIA COLOMBIANA LTDA SALUD FAMILIA LTDA
ESS199,EMPRESA SOLIDARIA DE SALUD EL ROSAL DE SAN RAFAEL
ESS200,ESS COOPERATIVA SALUD Y VIDA ESS COOPSAVID
ESS201,EMPRESA SOLIDARIA DE SALUD MI SALUD
ESS202,ESS COOPERATIVA DE SALUD DE LA COSTA SALUDCOSTA
ESS203,ESS ASOCIACION MUTUAL LLANOSALUD EMPRESA SOLIDARIA DE SALUD LLANOSALUD ESS
ESS204,ESS ASOCIACION MUTUAL SOLIDARIA PARA LA SALUD DE COLOMBIA ESS COLOMBIA SOLIDARIA
ESS205,ESS COOPERATIVA ESPECIALIZADA EN SALUD PROSUSALUD ESS
ESS206,ESS COOPERATIVA DE SALUD DEL MAGDALENA MEDIO COOPSAMAN
ESS207,ASOCIACION MUTUAL SER EMPRESA SOLIDARIA DE SALUD ESS
ESS208,ESS ANAS WAYUU EPS INDIGENA
ESSC02,EMPRESA MUTUAL PARA EL DESARROLLO INTEGRAL DE LA SALUD E.S.S EMDISALUD E.S.S EPS-S
ESSC07,ASOCIACION MUTUAL SER EMPRESA SOLIDARIA DE SALUD ESS
ESSC18,ASOCIACION MUTUAL EMPRESA SOLIDARIA DE SALUD EMSSANAR E.S.S
ESSC24,UCOOSALUD E.S.S.O ENTIDAD PROMOTORA DEL REGIMEN SUBSIDIADO EPS-S
ESSC33,COOPERATIVA DE SALUD COMUNITARIA EMPRESA PROMOTORA DE SALUD SUBSIDIADA COMPARTA EPS-S
ESSC62,ASOCIACION MUTUAL LA ESPERANZA UASMET SALUD E.S.S EPS S
ESSC76,ASOCIACION MUTUAL BARRIOS UNIDOS DE QUIBDO AMBUQ EPS-S ESS
ESSC91,ENTIDAD COOPERATIVA SOLIDARIA DE SALUD ECOOPSOS ESS EPS-S
ESSCO2,EMPRESA MUTUAL PARA EL DESARROLLO INTEGRAL DE LA SALUD E.S.S. -EMDISALUD ESS- CONTRIBUTIVO
ESSCO7,ASOCIACION MUTUAL SER EMPRESA SOLIDARIA DE SALUD ESS- CONTRIBUTIVO
HC1413,AIG COLOMBIA SEGUROS DE VIDA SA
MIN001,FONDO DE SOLIDARIDAD Y GARANTIA MINISTERIO DE SALUD
PEC001,PE SERVICIO NACIONAL DE APRENDIZAJE SENA
PEC002,PE BANCO DE LA REPUBLICA
PEC003,PE EMPRESA DE TELEFONOS DE BOGOTA ETB
PEC004,EAS FERROCARRILES NACIONALES
PEC005,PE AVIANCA
PEC006,PE BAVARIA
REEC01,ECOPETROL S.A.
REFM01,DIRECCION GENERAL DE SANIDAD MILITAR
REMG01,FIDUCIARIA LA PREVISORA S.A. - FIDUPREVISORA S.A.
REPN01,DIRECCION DE SANIDAD POLICIA INACIONAL
RES001,RES POLICIA NACIONAL
RES002,RES ECOPETROL
RES003,RES FUERZAS MILITARES HOSPITAL MILITAR
RES004,RES FONDODE PRESTACIONES SOCIALES DEL MAGISTERIO
RES005,UATLANTICO
RES006,CAPRUIS
RES007,UNIVERSIDAD DEL VALLE
RES008,UNIVERSIDAD NACIONAL
RES009,UNIVERIDAD DEL CAUCA
RES010,UCARTAGENA
RES011,UANTIOQUIA
RES012,UCORDOBA
RES013,FERROCARRILES
RES014,UPTC
RES015,RES FONDO DE PRESTACIONES SOCIALES DEL CONGRESO DE LA REPUBLICA
RES016,RES INPEC
REUE01,UNIVERSIDAD NACIONAL DE COLOMBIA UNISALUD
REUE02,CAJA DE PREVISION SOCIAL DE LA UNIVERSIDAD INDUSTRIAL DE SANTANDER - CAPRUIS
REUE03,FONDO DE SALUD UNIVERSIDAD DE CORDOBA
REUE04,CAJA DE PREVISION SOCIAL DE LA UNIVERSIDAD DE CARTAGENA
REUE05,FONDO DE SEGURIDAD SOCIAL EN SALUD UNIVERSIDAD DE NARIÑO
REUE06,UNIDAD DE SALUD UNIVERSIDAD DEL CAUCA
REUE07,PROGRAMA DE SALUD UNIVERSIDAD DE ANTIOQUIA
REUE08,SERVICIO DE SALUD UNIVERSIDAD DEL VALLE
REUE09,UNIDAD DE SALUD DE LA UNIVERSIDAD DEL ATLANTICO
REUE10,UNIDAD DE SERVICIOS DE SALUD DE LA UNIVERSIDAD PEDAGOGICA Y TECNOLOGICA DE COLOMBIA (UNISALUD UPTC)
SAP026,EMERMEDICA S.A. SERVICIOS DE AMBULANCIA PREPAGADOS
SAP030,EMPRESA DE MEDICINA INTEGRAL EMI SA SERVICIO DE AMBULANCIA PREPAGADA
SAP031,ASISTENCIA MEDICA INMEDIATA-SERVICIO DE AMBULANCIA PREPAGADA S.A.
SAP032,SERVICIO DE EMERGENCIAS REGIONAL (SERVICIO DE AMBULANCIA PREPAGADO) S.A.
SAP033,COOMEVA MEDICINA PREPAGADA S.A.
SAP034,ASISTENCIA MEDICA SAS SERVICIO DE AMBULANCIA PREPAGADO
SAP035,SERVICIO DE ASISTENCIA MEDICA INMEDIATA S.A. - SERVICIO DE AMBULANCIA PREPAGADO
SAP036,SISTEMA DE TRASLADO APOYO DIAGNOSTICO Y TERAPEUTICO EN SALUD TRASMEDICA S.A. S.A.P. EN LIQUIDACION
SAP037,SERVICIOS MEDICOS INTEGRALES DE COLOMBIA SERVICIO DE AMBULANCIAS PREPAGADO S.A.S USEMI SAP S.A.S.O
SAP038,RED MEDICA MEDICA VITAL S.A.S. SERVICIO DE AMBULANCIA PREPAGADO (SAP)
UT001,CAJA SALUD ARS UT NEIVA
UT001_,CAJA SALUD ARS UT BOGOTA
UT002,UT COMFAMILIARES EN SALUD UT (COMFAMILIAR CARTAGENA Y COMFENALCO CARTAGENA)
UT003,CAJA DE COMPENSACION FAMILIAR DE ANTIOQUIA (COMFAMA)
UT004,UT CAJA DE COMPENSACION FAMILIAR DE ANTIOQUIA UCOMFAMAO
UT004_,COMFAMA
PAR001,PARTICULAR
NIN001,NINGUNO
OTR001,OTRO